--
-- PostgreSQL database dump
--

-- Dumped from database version 17.5
-- Dumped by pg_dump version 17.5

-- Started on 2025-07-16 01:31:48

SET statement_timeout = 0;
SET lock_timeout = 0;
SET idle_in_transaction_session_timeout = 0;
SET transaction_timeout = 0;
SET client_encoding = 'UTF8';
SET standard_conforming_strings = on;
SELECT pg_catalog.set_config('search_path', '', false);
SET check_function_bodies = false;
SET xmloption = content;
SET client_min_messages = warning;
SET row_security = off;

--
-- TOC entry 5160 (class 1262 OID 40872)
-- Name: train; Type: DATABASE; Schema: -; Owner: postgres
--

--CREATE DATABASE train WITH TEMPLATE = template0 ENCODING = 'UTF8' LOCALE_PROVIDER = libc LOCALE = 'English_United States.1252';


ALTER DATABASE train OWNER TO postgres;

--connect train

SET statement_timeout = 0;
SET lock_timeout = 0;
SET idle_in_transaction_session_timeout = 0;
SET transaction_timeout = 0;
SET client_encoding = 'UTF8';
SET standard_conforming_strings = on;
SELECT pg_catalog.set_config('search_path', '', false);
SET check_function_bodies = false;
SET xmloption = content;
SET client_min_messages = warning;
SET row_security = off;

--
-- TOC entry 258 (class 1255 OID 41225)
-- Name: log_login_attempt(integer, character varying, character varying, boolean); Type: FUNCTION; Schema: public; Owner: postgres
--

CREATE FUNCTION public.log_login_attempt(p_passenger_id integer, p_ip_address character varying, p_device_info character varying, p_is_success boolean) RETURNS void
    LANGUAGE plpgsql
    AS $$
BEGIN
    INSERT INTO login_history (passenger_id, login_time, ip_address, device_info, is_success) -- Use original column name
    VALUES (p_passenger_id, CURRENT_TIMESTAMP, p_ip_address, p_device_info, p_is_success); -- Use original parameter
END;
$$;


ALTER FUNCTION public.log_login_attempt(p_passenger_id integer, p_ip_address character varying, p_device_info character varying, p_is_success boolean) OWNER TO postgres;

--
-- TOC entry 270 (class 1255 OID 41222)
-- Name: process_ticket_cancellation(); Type: FUNCTION; Schema: public; Owner: postgres
--

CREATE FUNCTION public.process_ticket_cancellation() RETURNS trigger
    LANGUAGE plpgsql
    AS $$
DECLARE
    v_cancellation_reason TEXT;
    v_admin_id INTEGER;
    v_refund_amount NUMERIC(10, 2);
BEGIN
    -- This logic only runs when a ticket status changes from 'Pending' to 'Cancelled'
    IF OLD.status = 'Pending Cancellation' AND NEW.status = 'Cancelled' THEN

        -- Get the cancellation reason from the booking table
        SELECT b.cancellation_reason INTO v_cancellation_reason
        FROM booking b
        JOIN ticket_booking tb ON b.booking_id = tb.booking_id
        WHERE tb.ticket_id = NEW.ticket_id;

        -- Get the admin_id from the session variable set by the Node.js app
        v_admin_id := CAST(current_setting('myapp.current_admin_id', true) AS INTEGER);

        -- Generate a random refund amount
        v_refund_amount := (random() * (200 - 50) + 50);

        -- Make the seat available again
        UPDATE seat_inventory
        SET is_available = TRUE
        WHERE schedule_id = NEW.schedule_id AND seat_number = NEW.seat_number;

        -- Insert the log into the ticket_cancellation table
        INSERT INTO ticket_cancellation (ticket_id, cancellation_date, refund_amount, reason, processed_by, status)
        VALUES (NEW.ticket_id, CURRENT_TIMESTAMP, v_refund_amount, v_cancellation_reason, v_admin_id, 'Processed');
        
    END IF;

    RETURN NEW;
END;
$$;


ALTER FUNCTION public.process_ticket_cancellation() OWNER TO postgres;

SET default_tablespace = '';

SET default_table_access_method = heap;

--
-- TOC entry 217 (class 1259 OID 40873)
-- Name: admin; Type: TABLE; Schema: public; Owner: postgres
--

CREATE TABLE public.admin (
    admin_id integer NOT NULL,
    username character varying(50) NOT NULL,
    password_hash character varying(255) NOT NULL,
    email character varying(100) NOT NULL,
    role character varying(20) NOT NULL,
    is_active boolean DEFAULT true NOT NULL,
    last_login timestamp without time zone,
    created_at timestamp without time zone DEFAULT CURRENT_TIMESTAMP
);


ALTER TABLE public.admin OWNER TO postgres;

--
-- TOC entry 218 (class 1259 OID 40878)
-- Name: admin_admin_id_seq; Type: SEQUENCE; Schema: public; Owner: postgres
--

ALTER TABLE public.admin ALTER COLUMN admin_id ADD GENERATED BY DEFAULT AS IDENTITY (
    SEQUENCE NAME public.admin_admin_id_seq
    START WITH 1
    INCREMENT BY 1
    NO MINVALUE
    NO MAXVALUE
    CACHE 1
);


--
-- TOC entry 219 (class 1259 OID 40879)
-- Name: booking; Type: TABLE; Schema: public; Owner: postgres
--

CREATE TABLE public.booking (
    booking_id integer NOT NULL,
    passenger_id integer NOT NULL,
    booking_date timestamp without time zone DEFAULT CURRENT_TIMESTAMP,
    payment_id integer NOT NULL,
    cancellation_reason text
);


ALTER TABLE public.booking OWNER TO postgres;

--
-- TOC entry 220 (class 1259 OID 40885)
-- Name: booking_booking_id_seq; Type: SEQUENCE; Schema: public; Owner: postgres
--

ALTER TABLE public.booking ALTER COLUMN booking_id ADD GENERATED BY DEFAULT AS IDENTITY (
    SEQUENCE NAME public.booking_booking_id_seq
    START WITH 1
    INCREMENT BY 1
    NO MINVALUE
    NO MAXVALUE
    CACHE 1
);


--
-- TOC entry 221 (class 1259 OID 40886)
-- Name: class; Type: TABLE; Schema: public; Owner: postgres
--

CREATE TABLE public.class (
    class_id integer NOT NULL,
    class_type character varying(50) NOT NULL
);


ALTER TABLE public.class OWNER TO postgres;

--
-- TOC entry 222 (class 1259 OID 40889)
-- Name: class_class_id_seq; Type: SEQUENCE; Schema: public; Owner: postgres
--

ALTER TABLE public.class ALTER COLUMN class_id ADD GENERATED BY DEFAULT AS IDENTITY (
    SEQUENCE NAME public.class_class_id_seq
    START WITH 1
    INCREMENT BY 1
    NO MINVALUE
    NO MAXVALUE
    CACHE 1
);


--
-- TOC entry 223 (class 1259 OID 40890)
-- Name: coach; Type: TABLE; Schema: public; Owner: postgres
--

CREATE TABLE public.coach (
    coach_id integer NOT NULL,
    coach_number character varying(50) NOT NULL
);


ALTER TABLE public.coach OWNER TO postgres;

--
-- TOC entry 224 (class 1259 OID 40893)
-- Name: coach_coach_id_seq; Type: SEQUENCE; Schema: public; Owner: postgres
--

ALTER TABLE public.coach ALTER COLUMN coach_id ADD GENERATED BY DEFAULT AS IDENTITY (
    SEQUENCE NAME public.coach_coach_id_seq
    START WITH 1
    INCREMENT BY 1
    NO MINVALUE
    NO MAXVALUE
    CACHE 1
);


--
-- TOC entry 225 (class 1259 OID 40894)
-- Name: discount; Type: TABLE; Schema: public; Owner: postgres
--

CREATE TABLE public.discount (
    discount_id integer NOT NULL,
    code character varying(50),
    discount_percentage numeric(5,2),
    booking_id integer,
    passenger_id integer,
    used_at timestamp without time zone
);


ALTER TABLE public.discount OWNER TO postgres;

--
-- TOC entry 226 (class 1259 OID 40897)
-- Name: discount_discount_id_seq; Type: SEQUENCE; Schema: public; Owner: postgres
--

ALTER TABLE public.discount ALTER COLUMN discount_id ADD GENERATED BY DEFAULT AS IDENTITY (
    SEQUENCE NAME public.discount_discount_id_seq
    START WITH 1
    INCREMENT BY 1
    NO MINVALUE
    NO MAXVALUE
    CACHE 1
);


--
-- TOC entry 227 (class 1259 OID 40898)
-- Name: discount_info; Type: TABLE; Schema: public; Owner: postgres
--

CREATE TABLE public.discount_info (
    discount_id integer NOT NULL,
    processed_by integer NOT NULL,
    is_active boolean DEFAULT true,
    start_date date NOT NULL,
    end_date date NOT NULL
);


ALTER TABLE public.discount_info OWNER TO postgres;

--
-- TOC entry 228 (class 1259 OID 40902)
-- Name: fare; Type: TABLE; Schema: public; Owner: postgres
--

CREATE TABLE public.fare (
    fare_id integer NOT NULL,
    coach_number character varying(50) NOT NULL,
    class_type character varying(50) NOT NULL,
    per_km_fare numeric(10,2) NOT NULL
);


ALTER TABLE public.fare OWNER TO postgres;

--
-- TOC entry 229 (class 1259 OID 40905)
-- Name: fare_fare_id_seq; Type: SEQUENCE; Schema: public; Owner: postgres
--

ALTER TABLE public.fare ALTER COLUMN fare_id ADD GENERATED BY DEFAULT AS IDENTITY (
    SEQUENCE NAME public.fare_fare_id_seq
    START WITH 1
    INCREMENT BY 1
    NO MINVALUE
    NO MAXVALUE
    CACHE 1
);


--
-- TOC entry 230 (class 1259 OID 40906)
-- Name: feedback; Type: TABLE; Schema: public; Owner: postgres
--

CREATE TABLE public.feedback (
    feedback_id integer NOT NULL,
    passenger_id integer NOT NULL,
    ticket_id integer NOT NULL,
    subject character varying(100) NOT NULL,
    message text NOT NULL,
    status character varying(20) DEFAULT 'Pending'::character varying,
    created_at timestamp without time zone DEFAULT CURRENT_TIMESTAMP
);


ALTER TABLE public.feedback OWNER TO postgres;

--
-- TOC entry 231 (class 1259 OID 40913)
-- Name: feedback_feedback_id_seq; Type: SEQUENCE; Schema: public; Owner: postgres
--

ALTER TABLE public.feedback ALTER COLUMN feedback_id ADD GENERATED BY DEFAULT AS IDENTITY (
    SEQUENCE NAME public.feedback_feedback_id_seq
    START WITH 1
    INCREMENT BY 1
    NO MINVALUE
    NO MAXVALUE
    CACHE 1
);


--
-- TOC entry 232 (class 1259 OID 40914)
-- Name: login_history; Type: TABLE; Schema: public; Owner: postgres
--

CREATE TABLE public.login_history (
    login_id integer NOT NULL,
    passenger_id integer NOT NULL,
    login_time timestamp without time zone DEFAULT CURRENT_TIMESTAMP,
    ip_address character varying(45) NOT NULL,
    device_info character varying(255),
    is_success boolean NOT NULL
);


ALTER TABLE public.login_history OWNER TO postgres;

--
-- TOC entry 233 (class 1259 OID 40918)
-- Name: login_history_login_id_seq; Type: SEQUENCE; Schema: public; Owner: postgres
--

ALTER TABLE public.login_history ALTER COLUMN login_id ADD GENERATED BY DEFAULT AS IDENTITY (
    SEQUENCE NAME public.login_history_login_id_seq
    START WITH 1
    INCREMENT BY 1
    NO MINVALUE
    NO MAXVALUE
    CACHE 1
);


--
-- TOC entry 234 (class 1259 OID 40919)
-- Name: notification; Type: TABLE; Schema: public; Owner: postgres
--

CREATE TABLE public.notification (
    notification_id integer NOT NULL,
    status character varying(20) DEFAULT 'Unread'::character varying,
    created_at timestamp without time zone DEFAULT CURRENT_TIMESTAMP
);


ALTER TABLE public.notification OWNER TO postgres;

--
-- TOC entry 235 (class 1259 OID 40924)
-- Name: notification_info; Type: TABLE; Schema: public; Owner: postgres
--

CREATE TABLE public.notification_info (
    passenger_id integer NOT NULL,
    notification_id integer NOT NULL,
    message text NOT NULL,
    type character varying(50) NOT NULL
);


ALTER TABLE public.notification_info OWNER TO postgres;

--
-- TOC entry 236 (class 1259 OID 40929)
-- Name: notification_notification_id_seq; Type: SEQUENCE; Schema: public; Owner: postgres
--

ALTER TABLE public.notification ALTER COLUMN notification_id ADD GENERATED BY DEFAULT AS IDENTITY (
    SEQUENCE NAME public.notification_notification_id_seq
    START WITH 1
    INCREMENT BY 1
    NO MINVALUE
    NO MAXVALUE
    CACHE 1
);


--
-- TOC entry 237 (class 1259 OID 40930)
-- Name: passenger; Type: TABLE; Schema: public; Owner: postgres
--

CREATE TABLE public.passenger (
    passenger_id integer NOT NULL,
    name character varying(100) NOT NULL,
    email character varying(100) NOT NULL,
    phone_number character varying(20) NOT NULL,
    address character varying(255),
    created_at timestamp without time zone DEFAULT CURRENT_TIMESTAMP,
    password_hash character varying(255)
);


ALTER TABLE public.passenger OWNER TO postgres;

--
-- TOC entry 238 (class 1259 OID 40936)
-- Name: passenger_passenger_id_seq; Type: SEQUENCE; Schema: public; Owner: postgres
--

ALTER TABLE public.passenger ALTER COLUMN passenger_id ADD GENERATED BY DEFAULT AS IDENTITY (
    SEQUENCE NAME public.passenger_passenger_id_seq
    START WITH 1
    INCREMENT BY 1
    NO MINVALUE
    NO MAXVALUE
    CACHE 1
);


--
-- TOC entry 239 (class 1259 OID 40937)
-- Name: payment; Type: TABLE; Schema: public; Owner: postgres
--

CREATE TABLE public.payment (
    payment_id integer NOT NULL,
    amount numeric(10,2) NOT NULL,
    payment_date timestamp without time zone DEFAULT CURRENT_TIMESTAMP NOT NULL,
    transaction_id character varying(100),
    payment_status character varying(20) DEFAULT 'Completed'::character varying NOT NULL
);


ALTER TABLE public.payment OWNER TO postgres;

--
-- TOC entry 240 (class 1259 OID 40942)
-- Name: payment_payment_id_seq; Type: SEQUENCE; Schema: public; Owner: postgres
--

ALTER TABLE public.payment ALTER COLUMN payment_id ADD GENERATED BY DEFAULT AS IDENTITY (
    SEQUENCE NAME public.payment_payment_id_seq
    START WITH 1
    INCREMENT BY 1
    NO MINVALUE
    NO MAXVALUE
    CACHE 1
);


--
-- TOC entry 241 (class 1259 OID 40943)
-- Name: route; Type: TABLE; Schema: public; Owner: postgres
--

CREATE TABLE public.route (
    route_id integer NOT NULL,
    source_station_id integer NOT NULL,
    destination_station_id integer NOT NULL,
    distance numeric(10,2) NOT NULL,
    duration integer NOT NULL,
    created_at timestamp without time zone DEFAULT CURRENT_TIMESTAMP
);


ALTER TABLE public.route OWNER TO postgres;

--
-- TOC entry 242 (class 1259 OID 40947)
-- Name: route_route_id_seq; Type: SEQUENCE; Schema: public; Owner: postgres
--

ALTER TABLE public.route ALTER COLUMN route_id ADD GENERATED BY DEFAULT AS IDENTITY (
    SEQUENCE NAME public.route_route_id_seq
    START WITH 1
    INCREMENT BY 1
    NO MINVALUE
    NO MAXVALUE
    CACHE 1
);


--
-- TOC entry 243 (class 1259 OID 40948)
-- Name: route_station; Type: TABLE; Schema: public; Owner: postgres
--

CREATE TABLE public.route_station (
    route_station_id integer NOT NULL,
    route_id integer NOT NULL,
    station_id integer NOT NULL,
    arrival_time time without time zone,
    departure_time time without time zone
);


ALTER TABLE public.route_station OWNER TO postgres;

--
-- TOC entry 244 (class 1259 OID 40951)
-- Name: route_station_route_station_id_seq; Type: SEQUENCE; Schema: public; Owner: postgres
--

ALTER TABLE public.route_station ALTER COLUMN route_station_id ADD GENERATED BY DEFAULT AS IDENTITY (
    SEQUENCE NAME public.route_station_route_station_id_seq
    START WITH 1
    INCREMENT BY 1
    NO MINVALUE
    NO MAXVALUE
    CACHE 1
);


--
-- TOC entry 245 (class 1259 OID 40952)
-- Name: schedule; Type: TABLE; Schema: public; Owner: postgres
--

CREATE TABLE public.schedule (
    schedule_id integer NOT NULL,
    train_id integer NOT NULL,
    route_id integer NOT NULL,
    departure_time time without time zone NOT NULL,
    arrival_time time without time zone NOT NULL,
    departure_date date NOT NULL,
    status character varying(20) DEFAULT 'On Time'::character varying NOT NULL,
    created_at timestamp without time zone DEFAULT CURRENT_TIMESTAMP
);


ALTER TABLE public.schedule OWNER TO postgres;

--
-- TOC entry 246 (class 1259 OID 40957)
-- Name: schedule_schedule_id_seq; Type: SEQUENCE; Schema: public; Owner: postgres
--

ALTER TABLE public.schedule ALTER COLUMN schedule_id ADD GENERATED BY DEFAULT AS IDENTITY (
    SEQUENCE NAME public.schedule_schedule_id_seq
    START WITH 1
    INCREMENT BY 1
    NO MINVALUE
    NO MAXVALUE
    CACHE 1
);


--
-- TOC entry 247 (class 1259 OID 40958)
-- Name: seat_inventory; Type: TABLE; Schema: public; Owner: postgres
--

CREATE TABLE public.seat_inventory (
    inventory_id integer NOT NULL,
    schedule_id integer NOT NULL,
    seat_number character varying(10) NOT NULL,
    coach_number character varying(50) NOT NULL,
    class_type character varying(50) NOT NULL,
    is_available boolean DEFAULT true NOT NULL,
    row_number integer NOT NULL,
    column_number integer NOT NULL
);


ALTER TABLE public.seat_inventory OWNER TO postgres;

--
-- TOC entry 248 (class 1259 OID 40962)
-- Name: seat_inventory_inventory_id_seq; Type: SEQUENCE; Schema: public; Owner: postgres
--

ALTER TABLE public.seat_inventory ALTER COLUMN inventory_id ADD GENERATED BY DEFAULT AS IDENTITY (
    SEQUENCE NAME public.seat_inventory_inventory_id_seq
    START WITH 1
    INCREMENT BY 1
    NO MINVALUE
    NO MAXVALUE
    CACHE 1
);


--
-- TOC entry 249 (class 1259 OID 40963)
-- Name: station; Type: TABLE; Schema: public; Owner: postgres
--

CREATE TABLE public.station (
    station_id integer NOT NULL,
    station_name character varying(100) NOT NULL,
    location character varying(255) NOT NULL,
    contact_info character varying(255),
    created_at timestamp without time zone DEFAULT CURRENT_TIMESTAMP
);


ALTER TABLE public.station OWNER TO postgres;

--
-- TOC entry 250 (class 1259 OID 40969)
-- Name: station_station_id_seq; Type: SEQUENCE; Schema: public; Owner: postgres
--

ALTER TABLE public.station ALTER COLUMN station_id ADD GENERATED BY DEFAULT AS IDENTITY (
    SEQUENCE NAME public.station_station_id_seq
    START WITH 1
    INCREMENT BY 1
    NO MINVALUE
    NO MAXVALUE
    CACHE 1
);


--
-- TOC entry 251 (class 1259 OID 40970)
-- Name: ticket; Type: TABLE; Schema: public; Owner: postgres
--

CREATE TABLE public.ticket (
    ticket_id integer NOT NULL,
    fare_id integer NOT NULL,
    passenger_id integer NOT NULL,
    schedule_id integer NOT NULL,
    booking_date timestamp without time zone DEFAULT CURRENT_TIMESTAMP NOT NULL,
    seat_number character varying(10) NOT NULL,
    price numeric(10,2) NOT NULL,
    status character varying(20) DEFAULT 'Booked'::character varying NOT NULL,
    payment_id integer NOT NULL
);


ALTER TABLE public.ticket OWNER TO postgres;

--
-- TOC entry 252 (class 1259 OID 40975)
-- Name: ticket_booking; Type: TABLE; Schema: public; Owner: postgres
--

CREATE TABLE public.ticket_booking (
    ticket_id integer NOT NULL,
    booking_id integer NOT NULL
);


ALTER TABLE public.ticket_booking OWNER TO postgres;

--
-- TOC entry 253 (class 1259 OID 40978)
-- Name: ticket_cancellation; Type: TABLE; Schema: public; Owner: postgres
--

CREATE TABLE public.ticket_cancellation (
    cancellation_id integer NOT NULL,
    ticket_id integer NOT NULL,
    cancellation_date timestamp without time zone DEFAULT CURRENT_TIMESTAMP NOT NULL,
    refund_amount numeric(10,2),
    reason text,
    processed_by integer NOT NULL,
    status character varying(20) DEFAULT 'Pending'::character varying NOT NULL
);


ALTER TABLE public.ticket_cancellation OWNER TO postgres;

--
-- TOC entry 254 (class 1259 OID 40985)
-- Name: ticket_cancellation_cancellation_id_seq; Type: SEQUENCE; Schema: public; Owner: postgres
--

ALTER TABLE public.ticket_cancellation ALTER COLUMN cancellation_id ADD GENERATED BY DEFAULT AS IDENTITY (
    SEQUENCE NAME public.ticket_cancellation_cancellation_id_seq
    START WITH 1
    INCREMENT BY 1
    NO MINVALUE
    NO MAXVALUE
    CACHE 1
);


--
-- TOC entry 255 (class 1259 OID 40986)
-- Name: ticket_ticket_id_seq; Type: SEQUENCE; Schema: public; Owner: postgres
--

ALTER TABLE public.ticket ALTER COLUMN ticket_id ADD GENERATED BY DEFAULT AS IDENTITY (
    SEQUENCE NAME public.ticket_ticket_id_seq
    START WITH 1
    INCREMENT BY 1
    NO MINVALUE
    NO MAXVALUE
    CACHE 1
);


--
-- TOC entry 256 (class 1259 OID 40987)
-- Name: train; Type: TABLE; Schema: public; Owner: postgres
--

CREATE TABLE public.train (
    train_id integer NOT NULL,
    train_name character varying(100) NOT NULL,
    coach_number character varying(50) NOT NULL,
    class_type character varying(50),
    total_seats integer NOT NULL,
    description text,
    created_at timestamp without time zone DEFAULT CURRENT_TIMESTAMP
);


ALTER TABLE public.train OWNER TO postgres;

--
-- TOC entry 257 (class 1259 OID 40993)
-- Name: train_train_id_seq; Type: SEQUENCE; Schema: public; Owner: postgres
--

ALTER TABLE public.train ALTER COLUMN train_id ADD GENERATED BY DEFAULT AS IDENTITY (
    SEQUENCE NAME public.train_train_id_seq
    START WITH 1
    INCREMENT BY 1
    NO MINVALUE
    NO MAXVALUE
    CACHE 1
);


--
-- TOC entry 5114 (class 0 OID 40873)
-- Dependencies: 217
-- Data for Name: admin; Type: TABLE DATA; Schema: public; Owner: postgres
--

INSERT INTO public.admin VALUES (1, 'admin', 'admin_hash_123', 'admin@railway.gov.bd', 'Super Admin', true, NULL, '2025-06-23 11:42:14.348511');
INSERT INTO public.admin VALUES (2, 'station_manager', 'manager_hash_456', 'manager@railway.gov.bd', 'Station Manager', true, NULL, '2025-06-23 11:42:14.348511');
INSERT INTO public.admin VALUES (3, 'booking_clerk', 'clerk_hash_789', 'clerk@railway.gov.bd', 'Booking Clerk', true, NULL, '2025-06-23 11:42:14.348511');
INSERT INTO public.admin VALUES (4, 'ticket_inspector', 'inspector_hash_001', 'inspector@railway.gov.bd', 'Ticket Inspector', true, NULL, '2025-07-09 00:45:16.760782');
INSERT INTO public.admin VALUES (5, 'traffic_controller', 'controller_hash_002', 'controller@railway.gov.bd', 'Traffic Controller', true, NULL, '2025-07-09 00:45:16.760782');
INSERT INTO public.admin VALUES (6, 'station_clerk', 'clerk_hash_003', 'clerk2@railway.gov.bd', 'Station Clerk', true, NULL, '2025-07-09 00:45:16.760782');
INSERT INTO public.admin VALUES (7, 'security_officer', 'security_hash_004', 'security@railway.gov.bd', 'Security Officer', true, NULL, '2025-07-09 00:45:16.760782');
INSERT INTO public.admin VALUES (8, 'maintenance_head', 'maintenance_hash_005', 'maintenance@railway.gov.bd', 'Maintenance Head', true, NULL, '2025-07-09 00:45:16.760782');
INSERT INTO public.admin VALUES (9, 'finance_officer', 'finance_hash_006', 'finance@railway.gov.bd', 'Finance Officer', true, NULL, '2025-07-09 00:45:16.760782');
INSERT INTO public.admin VALUES (10, 'hr_manager', 'hr_hash_007', 'hr@railway.gov.bd', 'HR Manager', true, NULL, '2025-07-09 00:45:16.760782');
INSERT INTO public.admin VALUES (11, 'operations_manager', 'operations_hash_008', 'operations@railway.gov.bd', 'Operations Manager', true, NULL, '2025-07-09 00:45:16.760782');
INSERT INTO public.admin VALUES (12, 'system_admin', 'system_hash_009', 'sysadmin@railway.gov.bd', 'System Admin', true, NULL, '2025-07-09 00:45:16.760782');
INSERT INTO public.admin VALUES (13, 'audit_officer', 'audit_hash_010', 'audit@railway.gov.bd', 'Audit Officer', true, NULL, '2025-07-09 00:45:16.760782');
INSERT INTO public.admin VALUES (14, 'customer_service', 'customer_hash_011', 'customerservice@railway.gov.bd', 'Customer Service', true, NULL, '2025-07-09 00:45:16.760782');
INSERT INTO public.admin VALUES (15, 'inventory_manager', 'inventory_hash_012', 'inventory@railway.gov.bd', 'Inventory Manager', true, NULL, '2025-07-09 00:45:16.760782');
INSERT INTO public.admin VALUES (16, 'safety_officer', 'safety_hash_013', 'safety@railway.gov.bd', 'Safety Officer', true, NULL, '2025-07-09 00:45:16.760782');
INSERT INTO public.admin VALUES (17, 'procurement_officer', 'procurement_hash_014', 'procurement@railway.gov.bd', 'Procurement Officer', true, NULL, '2025-07-09 00:45:16.760782');
INSERT INTO public.admin VALUES (18, 'training_coordinator', 'training_hash_015', 'training@railway.gov.bd', 'Training Coordinator', true, NULL, '2025-07-09 00:45:16.760782');
INSERT INTO public.admin VALUES (19, 'communications_head', 'comm_hash_016', 'communications@railway.gov.bd', 'Communications Head', true, NULL, '2025-07-09 00:45:16.760782');
INSERT INTO public.admin VALUES (20, 'legal_advisor', 'legal_hash_017', 'legal@railway.gov.bd', 'Legal Advisor', true, NULL, '2025-07-09 00:45:16.760782');
INSERT INTO public.admin VALUES (21, 'technical_officer', 'tech_hash_018', 'technical@railway.gov.bd', 'Technical Officer', true, NULL, '2025-07-09 00:45:16.760782');
INSERT INTO public.admin VALUES (22, 'quality_assurance', 'qa_hash_019', 'qa@railway.gov.bd', 'Quality Assurance', true, NULL, '2025-07-09 00:45:16.760782');
INSERT INTO public.admin VALUES (23, 'project_manager', 'project_hash_020', 'project@railway.gov.bd', 'Project Manager', true, NULL, '2025-07-09 00:45:16.760782');


--
-- TOC entry 5116 (class 0 OID 40879)
-- Dependencies: 219
-- Data for Name: booking; Type: TABLE DATA; Schema: public; Owner: postgres
--

INSERT INTO public.booking VALUES (1, 61, '2025-06-23 11:42:14.348511', 1, NULL);
INSERT INTO public.booking VALUES (2, 62, '2025-06-23 11:42:14.348511', 2, NULL);
INSERT INTO public.booking VALUES (3, 63, '2025-06-23 11:42:14.348511', 3, NULL);
INSERT INTO public.booking VALUES (4, 64, '2025-06-23 11:42:14.348511', 4, NULL);
INSERT INTO public.booking VALUES (5, 65, '2025-06-23 11:42:14.348511', 5, NULL);
INSERT INTO public.booking VALUES (10, 61, '2025-06-23 14:04:25.543494', 14, NULL);
INSERT INTO public.booking VALUES (9, 62, '2025-06-23 13:13:26.012814', 13, 'Jor');
INSERT INTO public.booking VALUES (11, 62, '2025-07-09 10:00:49.964062', 15, 'jor');
INSERT INTO public.booking VALUES (6, 62, '2025-06-23 13:11:47.787254', 10, 'nOOO');
INSERT INTO public.booking VALUES (12, 62, '2025-07-09 10:36:57.021515', 16, 'iol');
INSERT INTO public.booking VALUES (13, 62, '2025-07-09 12:18:42.832831', 17, 'kik');
INSERT INTO public.booking VALUES (15, 62, '2025-07-09 12:21:40.517925', 19, 'kiki');
INSERT INTO public.booking VALUES (16, 75, '2025-07-09 12:23:25.647591', 20, NULL);
INSERT INTO public.booking VALUES (17, 62, '2025-07-09 12:24:33.62756', 21, 'Tour cancelled');
INSERT INTO public.booking VALUES (18, 62, '2025-07-09 14:45:40.781331', 22, 'Tour cancelled');
INSERT INTO public.booking VALUES (19, 62, '2025-07-09 15:31:44.51186', 23, 'Tour Cancelled');


--
-- TOC entry 5118 (class 0 OID 40886)
-- Dependencies: 221
-- Data for Name: class; Type: TABLE DATA; Schema: public; Owner: postgres
--

INSERT INTO public.class VALUES (49, 'Shovan');
INSERT INTO public.class VALUES (50, 'S_Chair');
INSERT INTO public.class VALUES (51, 'F_Chair');
INSERT INTO public.class VALUES (52, 'F_Berth');
INSERT INTO public.class VALUES (53, 'S_Berth');
INSERT INTO public.class VALUES (54, 'AC_Chair');
INSERT INTO public.class VALUES (55, 'AC_Berth');
INSERT INTO public.class VALUES (56, 'Snigdha');
INSERT INTO public.class VALUES (57, 'AC_S_Chair');
INSERT INTO public.class VALUES (58, 'AC_F_Chair');
INSERT INTO public.class VALUES (59, 'Sleeper_Class');
INSERT INTO public.class VALUES (60, 'General_Class');
INSERT INTO public.class VALUES (61, 'Ladies_Coach');
INSERT INTO public.class VALUES (62, 'Disabled_Coach');
INSERT INTO public.class VALUES (63, 'Dining_Car');
INSERT INTO public.class VALUES (64, 'Luggage_Van');
INSERT INTO public.class VALUES (65, 'Mail_Van');
INSERT INTO public.class VALUES (66, 'Generator_Van');
INSERT INTO public.class VALUES (67, 'Inspection_Car');
INSERT INTO public.class VALUES (68, 'Saloon_Car');
INSERT INTO public.class VALUES (69, 'Executive_Class');
INSERT INTO public.class VALUES (70, 'Business_Class');
INSERT INTO public.class VALUES (71, 'Tourist_Class');
INSERT INTO public.class VALUES (72, 'Economy_Plus');
INSERT INTO public.class VALUES (73, 'Premium_Economy');
INSERT INTO public.class VALUES (74, 'Standard_Plus');
INSERT INTO public.class VALUES (75, 'Comfort_Class');
INSERT INTO public.class VALUES (76, 'Express_Class');


--
-- TOC entry 5120 (class 0 OID 40890)
-- Dependencies: 223
-- Data for Name: coach; Type: TABLE DATA; Schema: public; Owner: postgres
--

INSERT INTO public.coach VALUES (49, 'S_CHAIR');
INSERT INTO public.coach VALUES (50, 'F_CHAIR');
INSERT INTO public.coach VALUES (51, 'F_BERTH');
INSERT INTO public.coach VALUES (52, 'S_BERTH');
INSERT INTO public.coach VALUES (53, 'SHOVAN');
INSERT INTO public.coach VALUES (54, 'AC_CHAIR');
INSERT INTO public.coach VALUES (55, 'AC_BERTH');
INSERT INTO public.coach VALUES (56, 'SNIGDHA');
INSERT INTO public.coach VALUES (57, 'AC_S_CHAIR');
INSERT INTO public.coach VALUES (58, 'AC_F_CHAIR');
INSERT INTO public.coach VALUES (59, 'SLEEPER');
INSERT INTO public.coach VALUES (60, 'GENERAL');
INSERT INTO public.coach VALUES (61, 'LADIES');
INSERT INTO public.coach VALUES (62, 'DISABLED');
INSERT INTO public.coach VALUES (63, 'DINING');
INSERT INTO public.coach VALUES (64, 'LUGGAGE');
INSERT INTO public.coach VALUES (65, 'MAIL');
INSERT INTO public.coach VALUES (66, 'GENERATOR');
INSERT INTO public.coach VALUES (67, 'INSPECTION');
INSERT INTO public.coach VALUES (68, 'SALOON');
INSERT INTO public.coach VALUES (69, 'EXECUTIVE');
INSERT INTO public.coach VALUES (70, 'BUSINESS');
INSERT INTO public.coach VALUES (71, 'TOURIST');
INSERT INTO public.coach VALUES (72, 'ECONOMY_PLUS');
INSERT INTO public.coach VALUES (73, 'PREMIUM_ECO');
INSERT INTO public.coach VALUES (74, 'STANDARD_PLUS');
INSERT INTO public.coach VALUES (75, 'COMFORT');
INSERT INTO public.coach VALUES (76, 'EXPRESS');


--
-- TOC entry 5122 (class 0 OID 40894)
-- Dependencies: 225
-- Data for Name: discount; Type: TABLE DATA; Schema: public; Owner: postgres
--

INSERT INTO public.discount VALUES (1, 'STUDENT10', 10.00, 1, 61, NULL);
INSERT INTO public.discount VALUES (2, 'SENIOR15', 15.00, 2, 62, NULL);
INSERT INTO public.discount VALUES (3, 'NEWUSER5', 5.00, 3, 63, NULL);


--
-- TOC entry 5124 (class 0 OID 40898)
-- Dependencies: 227
-- Data for Name: discount_info; Type: TABLE DATA; Schema: public; Owner: postgres
--

INSERT INTO public.discount_info VALUES (1, 1, true, '2025-01-01', '2025-12-31');
INSERT INTO public.discount_info VALUES (2, 1, true, '2025-01-01', '2025-12-31');
INSERT INTO public.discount_info VALUES (3, 2, true, '2025-06-01', '2025-06-30');


--
-- TOC entry 5125 (class 0 OID 40902)
-- Dependencies: 228
-- Data for Name: fare; Type: TABLE DATA; Schema: public; Owner: postgres
--

INSERT INTO public.fare VALUES (1, 'SHOVAN', 'Shovan', 0.50);
INSERT INTO public.fare VALUES (2, 'S_CHAIR', 'S_Chair', 0.75);
INSERT INTO public.fare VALUES (3, 'F_CHAIR', 'F_Chair', 1.00);
INSERT INTO public.fare VALUES (4, 'S_BERTH', 'S_Berth', 1.25);
INSERT INTO public.fare VALUES (5, 'F_BERTH', 'F_Berth', 1.50);
INSERT INTO public.fare VALUES (6, 'SNIGDHA', 'Snigdha', 1.75);
INSERT INTO public.fare VALUES (7, 'AC_CHAIR', 'AC_Chair', 2.00);
INSERT INTO public.fare VALUES (8, 'AC_BERTH', 'AC_Berth', 2.50);
INSERT INTO public.fare VALUES (9, 'AC_S_CHAIR', 'AC_S_Chair', 2.25);
INSERT INTO public.fare VALUES (10, 'AC_F_CHAIR', 'AC_F_Chair', 2.75);
INSERT INTO public.fare VALUES (11, 'SLEEPER', 'Sleeper_Class', 1.80);
INSERT INTO public.fare VALUES (12, 'GENERAL', 'General_Class', 0.40);
INSERT INTO public.fare VALUES (13, 'LADIES', 'Ladies_Coach', 0.60);
INSERT INTO public.fare VALUES (14, 'DISABLED', 'Disabled_Coach', 0.35);
INSERT INTO public.fare VALUES (15, 'DINING', 'Dining_Car', 3.00);
INSERT INTO public.fare VALUES (16, 'LUGGAGE', 'Luggage_Van', 0.25);
INSERT INTO public.fare VALUES (17, 'MAIL', 'Mail_Van', 0.30);
INSERT INTO public.fare VALUES (18, 'GENERATOR', 'Generator_Van', 0.20);
INSERT INTO public.fare VALUES (19, 'INSPECTION', 'Inspection_Car', 5.00);
INSERT INTO public.fare VALUES (20, 'SALOON', 'Saloon_Car', 10.00);
INSERT INTO public.fare VALUES (21, 'EXECUTIVE', 'Executive_Class', 3.50);
INSERT INTO public.fare VALUES (22, 'BUSINESS', 'Business_Class', 4.00);
INSERT INTO public.fare VALUES (23, 'TOURIST', 'Tourist_Class', 1.60);
INSERT INTO public.fare VALUES (24, 'ECONOMY_PLUS', 'Economy_Plus', 0.80);
INSERT INTO public.fare VALUES (25, 'PREMIUM_ECO', 'Premium_Economy', 1.20);
INSERT INTO public.fare VALUES (26, 'STANDARD_PLUS', 'Standard_Plus', 0.90);
INSERT INTO public.fare VALUES (27, 'COMFORT', 'Comfort_Class', 2.10);
INSERT INTO public.fare VALUES (28, 'EXPRESS', 'Express_Class', 1.40);


--
-- TOC entry 5127 (class 0 OID 40906)
-- Dependencies: 230
-- Data for Name: feedback; Type: TABLE DATA; Schema: public; Owner: postgres
--

INSERT INTO public.feedback VALUES (1, 61, 1, 'Excellent Service', 'The AC coach was very comfortable and staff was helpful. Thank you!', 'Reviewed', '2025-06-23 11:42:14.348511');
INSERT INTO public.feedback VALUES (2, 62, 2, 'Delay Issue', 'Train was delayed by 30 minutes without proper announcement.', 'Pending', '2025-06-23 11:42:14.348511');
INSERT INTO public.feedback VALUES (3, 63, 3, 'Clean Toilets', 'Toilets were clean and well-maintained throughout the journey.', 'Reviewed', '2025-06-23 11:42:14.348511');


--
-- TOC entry 5129 (class 0 OID 40914)
-- Dependencies: 232
-- Data for Name: login_history; Type: TABLE DATA; Schema: public; Owner: postgres
--

INSERT INTO public.login_history VALUES (1, 61, '2025-06-23 11:42:14.348511', '192.168.1.100', 'Mozilla/5.0 Chrome/91.0', false);
INSERT INTO public.login_history VALUES (2, 61, '2025-06-23 11:42:14.348511', '192.168.1.100', 'Mozilla/5.0 Chrome/91.0', true);
INSERT INTO public.login_history VALUES (3, 62, '2025-06-23 11:42:14.348511', '192.168.1.101', 'Mozilla/5.0 Firefox/89.0', true);
INSERT INTO public.login_history VALUES (4, 63, '2025-06-23 11:42:14.348511', '192.168.1.102', 'Mozilla/5.0 Safari/14.0', true);
INSERT INTO public.login_history VALUES (5, 62, '2025-07-09 12:42:02.514895', '::1', 'Mozilla/5.0 (Windows NT 10.0; Win64; x64) AppleWebKit/537.36 (KHTML, like Gecko) Chrome/137.0.0.0 Safari/537.36', true);
INSERT INTO public.login_history VALUES (6, 62, '2025-07-09 12:54:00.292273', '::1', 'Chrome on Windows', true);
INSERT INTO public.login_history VALUES (7, 62, '2025-07-09 13:02:47.90127', '::1', 'Chrome on Windows', true);
INSERT INTO public.login_history VALUES (8, 62, '2025-07-09 13:06:06.364381', '::1', 'Chrome on Windows', true);
INSERT INTO public.login_history VALUES (9, 62, '2025-07-09 13:10:32.059413', '::1', 'Chrome on Windows', true);
INSERT INTO public.login_history VALUES (10, 62, '2025-07-09 13:16:21.956867', '::1', 'Chrome on Windows', true);
INSERT INTO public.login_history VALUES (11, 62, '2025-07-09 13:18:02.510488', '::1', 'Chrome on Windows', true);
INSERT INTO public.login_history VALUES (12, 62, '2025-07-09 14:19:01.298952', '::1', 'Chrome on Windows', false);
INSERT INTO public.login_history VALUES (13, 62, '2025-07-09 14:19:05.761886', '::1', 'Chrome on Windows', true);
INSERT INTO public.login_history VALUES (14, 62, '2025-07-09 14:29:31.504534', '::1', 'Chrome on Windows', true);
INSERT INTO public.login_history VALUES (15, 62, '2025-07-09 14:38:51.990032', '::1', 'Chrome on Windows', true);
INSERT INTO public.login_history VALUES (16, 62, '2025-07-09 14:45:08.095793', '::1', 'Chrome on Windows', true);
INSERT INTO public.login_history VALUES (17, 62, '2025-07-09 14:52:10.637878', '::1', 'Chrome on Windows', true);
INSERT INTO public.login_history VALUES (18, 62, '2025-07-09 14:56:17.349926', '::1', 'Chrome on Windows', true);
INSERT INTO public.login_history VALUES (19, 62, '2025-07-09 15:14:22.056707', '::1', 'Chrome on Windows', true);
INSERT INTO public.login_history VALUES (20, 62, '2025-07-09 15:24:25.01924', '::1', 'Chrome on Windows', true);
INSERT INTO public.login_history VALUES (21, 62, '2025-07-09 15:34:22.16895', '::1', 'Chrome on Windows', true);
INSERT INTO public.login_history VALUES (22, 62, '2025-07-09 15:48:54.519872', '::1', 'Chrome on Windows', true);
INSERT INTO public.login_history VALUES (23, 62, '2025-07-09 19:01:41.904468', '::1', 'Chrome on Windows', true);
INSERT INTO public.login_history VALUES (24, 62, '2025-07-13 00:13:13.900434', '::1', 'Chrome on Windows', true);
INSERT INTO public.login_history VALUES (25, 62, '2025-07-13 00:14:37.12939', '::1', 'Chrome on Windows', true);
INSERT INTO public.login_history VALUES (26, 62, '2025-07-13 22:28:44.567775', '::1', 'Chrome on Windows', true);
INSERT INTO public.login_history VALUES (27, 62, '2025-07-13 23:07:32.153977', '::1', 'Chrome on Windows', true);
INSERT INTO public.login_history VALUES (28, 62, '2025-07-15 21:33:45.940418', '::1', 'Chrome on Windows', true);
INSERT INTO public.login_history VALUES (29, 62, '2025-07-15 21:45:04.98079', '::1', 'Chrome on Windows', true);
INSERT INTO public.login_history VALUES (30, 62, '2025-07-15 22:04:34.291227', '::1', 'Chrome on Windows', true);
INSERT INTO public.login_history VALUES (31, 62, '2025-07-15 22:18:59.635364', '::1', 'Chrome on Windows', true);
INSERT INTO public.login_history VALUES (32, 62, '2025-07-15 22:21:00.59646', '::1', 'Chrome on Windows', true);
INSERT INTO public.login_history VALUES (33, 62, '2025-07-15 22:22:14.097951', '::1', 'Chrome on Windows', true);
INSERT INTO public.login_history VALUES (34, 62, '2025-07-15 22:36:59.311117', '::1', 'Chrome on Windows', true);
INSERT INTO public.login_history VALUES (35, 62, '2025-07-15 22:48:16.480502', '::1', 'Chrome on Windows', true);
INSERT INTO public.login_history VALUES (36, 62, '2025-07-16 00:17:42.203934', '::1', 'Chrome on Windows', true);
INSERT INTO public.login_history VALUES (37, 62, '2025-07-16 00:36:50.390385', '::1', 'Chrome on Windows', true);
INSERT INTO public.login_history VALUES (38, 62, '2025-07-16 00:43:09.741639', '::1', 'Chrome on Windows', true);
INSERT INTO public.login_history VALUES (39, 62, '2025-07-16 00:50:42.363189', '::1', 'Chrome on Windows', true);
INSERT INTO public.login_history VALUES (40, 62, '2025-07-16 00:58:01.020999', '::1', 'Chrome on Windows', true);
INSERT INTO public.login_history VALUES (41, 62, '2025-07-16 01:06:07.491179', '::1', 'Chrome on Windows', true);
INSERT INTO public.login_history VALUES (42, 62, '2025-07-16 01:22:48.214945', '::1', 'Chrome on Windows', true);


--
-- TOC entry 5131 (class 0 OID 40919)
-- Dependencies: 234
-- Data for Name: notification; Type: TABLE DATA; Schema: public; Owner: postgres
--

INSERT INTO public.notification VALUES (1, 'Read', '2025-06-23 11:42:14.348511');
INSERT INTO public.notification VALUES (2, 'Unread', '2025-06-23 11:42:14.348511');
INSERT INTO public.notification VALUES (3, 'Read', '2025-06-23 11:42:14.348511');


--
-- TOC entry 5132 (class 0 OID 40924)
-- Dependencies: 235
-- Data for Name: notification_info; Type: TABLE DATA; Schema: public; Owner: postgres
--

INSERT INTO public.notification_info VALUES (61, 1, 'Your ticket for Suborno Express has been confirmed. Train departs at 07:00 AM from Dhaka Kamalapur.', 'BOOKING_CONFIRMATION');
INSERT INTO public.notification_info VALUES (62, 2, 'Your train Turna Nishitha is running 15 minutes late. New departure time: 15:45.', 'DELAY_ALERT');
INSERT INTO public.notification_info VALUES (63, 3, 'Thank you for choosing Bangladesh Railway. Rate your travel experience.', 'FEEDBACK_REQUEST');


--
-- TOC entry 5134 (class 0 OID 40930)
-- Dependencies: 237
-- Data for Name: passenger; Type: TABLE DATA; Schema: public; Owner: postgres
--

INSERT INTO public.passenger VALUES (64, 'Nasir Uddin', 'nasir@gmail.com', '+880161234570', 'House 25, Agrabad, Chittagong', '2025-06-23 11:42:14.348511', NULL);
INSERT INTO public.passenger VALUES (65, 'Rashida Begum', 'rashida@gmail.com', '+880151234571', 'Kazir Dewri, Chittagong', '2025-06-23 11:42:14.348511', NULL);
INSERT INTO public.passenger VALUES (66, 'Mohammad Ali', 'ali@yahoo.com', '+880141234572', 'Station Road, Sylhet', '2025-06-23 11:42:14.348511', NULL);
INSERT INTO public.passenger VALUES (67, 'Salma Akter', 'salma@gmail.com', '+880131234573', 'Zindabazar, Sylhet', '2025-06-23 11:42:14.348511', NULL);
INSERT INTO public.passenger VALUES (68, 'Habibur Rahman', 'habib@hotmail.com', '+880121234574', 'Court Para, Kushtia', '2025-06-23 11:42:14.348511', NULL);
INSERT INTO public.passenger VALUES (69, 'Amina Khatun', 'amina@gmail.com', '+880111234575', 'Shaheb Bazar, Rajshahi', '2025-06-23 11:42:14.348511', NULL);
INSERT INTO public.passenger VALUES (70, 'Mizanur Rahman', 'mizan@yahoo.com', '+880101234576', 'New Market Area, Rangpur', '2025-06-23 11:42:14.348511', NULL);
INSERT INTO public.passenger VALUES (61, 'Md. Rahman Ahmed', 'rahman@gmail.com', '+880171234567', 'House 12, Road 5, Dhanmondi, Dhaka', '2025-06-23 11:42:14.348511', 'hash123');
INSERT INTO public.passenger VALUES (62, 'Fatima Khatun', 'fatima@yahoo.com', '+880181234568', 'Flat B-3, Uttara Sector 7, Dhaka', '2025-06-23 11:42:14.348511', 'password456');
INSERT INTO public.passenger VALUES (63, 'Abdul Karim', 'karim@hotmail.com', '+880191234569', 'Village Goalpar, Comilla', '2025-06-23 11:42:14.348511', 'secure789');
INSERT INTO public.passenger VALUES (71, 'Ahmed Hassan', 'ahmed.hassan@gmail.com', '+880171234580', 'House 45, Gulshan-1, Dhaka', '2025-07-09 00:45:16.760782', 'hash001');
INSERT INTO public.passenger VALUES (72, 'Fatima Rahman', 'fatima.rahman@yahoo.com', '+880181234581', 'Road 12, Banani, Dhaka', '2025-07-09 00:45:16.760782', 'hash002');
INSERT INTO public.passenger VALUES (73, 'Mohammad Karim', 'm.karim@hotmail.com', '+880191234582', 'Wari, Old Dhaka', '2025-07-09 00:45:16.760782', 'hash003');
INSERT INTO public.passenger VALUES (74, 'Rashida Sultana', 'rashida.sultana@gmail.com', '+880161234583', 'Pallabi, Dhaka', '2025-07-09 00:45:16.760782', 'hash004');
INSERT INTO public.passenger VALUES (75, 'Abdul Latif', 'a.latif@yahoo.com', '+880151234584', 'Mohammadpur, Dhaka', '2025-07-09 00:45:16.760782', 'hash005');
INSERT INTO public.passenger VALUES (76, 'Salma Khatun', 'salma.khatun@gmail.com', '+880141234585', 'Rampura, Dhaka', '2025-07-09 00:45:16.760782', 'hash006');
INSERT INTO public.passenger VALUES (77, 'Rafique Ahmed', 'rafique.ahmed@hotmail.com', '+880131234586', 'Badda, Dhaka', '2025-07-09 00:45:16.760782', 'hash007');
INSERT INTO public.passenger VALUES (78, 'Nasreen Akhter', 'nasreen.akhter@gmail.com', '+880121234587', 'Tejgaon, Dhaka', '2025-07-09 00:45:16.760782', 'hash008');
INSERT INTO public.passenger VALUES (79, 'Shahidul Islam', 'shahidul.islam@yahoo.com', '+880111234588', 'Farmgate, Dhaka', '2025-07-09 00:45:16.760782', 'hash009');
INSERT INTO public.passenger VALUES (80, 'Rokeya Begum', 'rokeya.begum@gmail.com', '+880101234589', 'New Market, Dhaka', '2025-07-09 00:45:16.760782', 'hash010');
INSERT INTO public.passenger VALUES (81, 'Mizanur Rahman Jr.', 'mizanur.rahman@hotmail.com', '+880181234590', 'Elephant Road, Dhaka', '2025-07-09 00:45:16.760782', 'hash011');
INSERT INTO public.passenger VALUES (82, 'Sultana Parvin', 'sultana.parvin@gmail.com', '+880171234591', 'Lalmatia, Dhaka', '2025-07-09 00:45:16.760782', 'hash012');
INSERT INTO public.passenger VALUES (83, 'Habibur Rahman Jr.', 'habibur.rahman@yahoo.com', '+880191234592', 'Shyamoli, Dhaka', '2025-07-09 00:45:16.760782', 'hash013');
INSERT INTO public.passenger VALUES (84, 'Rashida Khatun', 'rashida.khatun@gmail.com', '+880161234593', 'Mirpur-1, Dhaka', '2025-07-09 00:45:16.760782', 'hash014');
INSERT INTO public.passenger VALUES (85, 'Aminul Islam', 'aminul.islam@hotmail.com', '+880151234594', 'Kazipara, Dhaka', '2025-07-09 00:45:16.760782', 'hash015');
INSERT INTO public.passenger VALUES (86, 'Fatema Begum', 'fatema.begum@gmail.com', '+880141234595', 'Agargaon, Dhaka', '2025-07-09 00:45:16.760782', 'hash016');
INSERT INTO public.passenger VALUES (87, 'Shahjahan Ali', 'shahjahan.ali@yahoo.com', '+880131234596', 'Kalabagan, Dhaka', '2025-07-09 00:45:16.760782', 'hash017');
INSERT INTO public.passenger VALUES (88, 'Mahmuda Akhter', 'mahmuda.akhter@gmail.com', '+880121234597', 'Green Road, Dhaka', '2025-07-09 00:45:16.760782', 'hash018');
INSERT INTO public.passenger VALUES (89, 'Delwar Hossain', 'delwar.hossain@hotmail.com', '+880111234598', 'Panthapath, Dhaka', '2025-07-09 00:45:16.760782', 'hash019');
INSERT INTO public.passenger VALUES (90, 'Rahela Khatun', 'rahela.khatun@gmail.com', '+880101234599', 'Indira Road, Dhaka', '2025-07-09 00:45:16.760782', 'hash020');


--
-- TOC entry 5136 (class 0 OID 40937)
-- Dependencies: 239
-- Data for Name: payment; Type: TABLE DATA; Schema: public; Owner: postgres
--

INSERT INTO public.payment VALUES (1, 640.00, '2025-06-23 11:42:14.348511', 'TXN001', 'Completed');
INSERT INTO public.payment VALUES (3, 491.50, '2025-06-23 11:42:14.348511', 'TXN003', 'Completed');
INSERT INTO public.payment VALUES (4, 192.19, '2025-06-23 11:42:14.348511', 'TXN004', 'Completed');
INSERT INTO public.payment VALUES (5, 90.34, '2025-06-23 11:42:14.348511', 'TXN005', 'Completed');
INSERT INTO public.payment VALUES (10, 641.00, '2025-06-23 13:11:47.787254', 'TXN-1750662707793-62', 'Completed');
INSERT INTO public.payment VALUES (2, 320.00, '2025-06-23 11:42:14.348511', 'TXN002', 'Refunded');
INSERT INTO public.payment VALUES (13, 320.50, '2025-06-23 13:13:26.012814', 'TXN-1750662806014-62', 'Completed');
INSERT INTO public.payment VALUES (14, 641.00, '2025-06-23 14:04:25.543494', 'TXN-1750665865552-61', 'Completed');
INSERT INTO public.payment VALUES (15, 641.00, '2025-07-09 10:00:49.964062', 'TXN-1752033649960-62', 'Completed');
INSERT INTO public.payment VALUES (16, 641.00, '2025-07-09 10:36:57.021515', 'TXN-1752035817022-62', 'Completed');
INSERT INTO public.payment VALUES (17, 641.00, '2025-07-09 12:18:42.832831', 'TXN-1752041922836-62', 'Completed');
INSERT INTO public.payment VALUES (19, 641.00, '2025-07-09 12:21:40.517925', 'TXN-1752042100527-62', 'Completed');
INSERT INTO public.payment VALUES (20, 641.00, '2025-07-09 12:23:25.647591', 'TXN-1752042205648-75', 'Completed');
INSERT INTO public.payment VALUES (21, 560.88, '2025-07-09 12:24:33.62756', 'TXN-1752042273628-62', 'Completed');
INSERT INTO public.payment VALUES (22, 641.00, '2025-07-09 14:45:40.781331', 'TXN-1752050740782-62', 'Completed');
INSERT INTO public.payment VALUES (23, 641.00, '2025-07-09 15:31:44.51186', 'TXN-1752053504519-62', 'Completed');


--
-- TOC entry 5138 (class 0 OID 40943)
-- Dependencies: 241
-- Data for Name: route; Type: TABLE DATA; Schema: public; Owner: postgres
--

INSERT INTO public.route VALUES (31, 73, 74, 320.50, 420, '2025-06-23 11:42:14.348511');
INSERT INTO public.route VALUES (32, 73, 75, 245.75, 300, '2025-06-23 11:42:14.348511');
INSERT INTO public.route VALUES (33, 73, 76, 256.25, 360, '2025-06-23 11:42:14.348511');
INSERT INTO public.route VALUES (34, 73, 77, 460.80, 540, '2025-06-23 11:42:14.348511');
INSERT INTO public.route VALUES (35, 73, 78, 194.30, 240, '2025-06-23 11:42:14.348511');
INSERT INTO public.route VALUES (36, 73, 79, 120.45, 150, '2025-06-23 11:42:14.348511');
INSERT INTO public.route VALUES (37, 74, 75, 180.20, 240, '2025-06-23 11:42:14.348511');
INSERT INTO public.route VALUES (38, 76, 77, 204.60, 180, '2025-06-23 11:42:14.348511');
INSERT INTO public.route VALUES (39, 73, 80, 125.75, 165, '2025-06-23 11:42:14.348511');
INSERT INTO public.route VALUES (40, 73, 81, 165.90, 195, '2025-06-23 11:42:14.348511');
INSERT INTO public.route VALUES (41, 85, 86, 15.50, 25, '2025-07-09 00:45:16.760782');
INSERT INTO public.route VALUES (42, 86, 87, 25.75, 40, '2025-07-09 00:45:16.760782');
INSERT INTO public.route VALUES (43, 87, 88, 45.20, 60, '2025-07-09 00:45:16.760782');
INSERT INTO public.route VALUES (44, 88, 89, 35.60, 50, '2025-07-09 00:45:16.760782');
INSERT INTO public.route VALUES (45, 89, 90, 28.40, 45, '2025-07-09 00:45:16.760782');
INSERT INTO public.route VALUES (46, 90, 91, 42.80, 65, '2025-07-09 00:45:16.760782');
INSERT INTO public.route VALUES (47, 91, 92, 38.90, 55, '2025-07-09 00:45:16.760782');
INSERT INTO public.route VALUES (48, 92, 93, 52.30, 75, '2025-07-09 00:45:16.760782');
INSERT INTO public.route VALUES (49, 93, 94, 29.70, 48, '2025-07-09 00:45:16.760782');
INSERT INTO public.route VALUES (50, 94, 95, 33.20, 52, '2025-07-09 00:45:16.760782');
INSERT INTO public.route VALUES (51, 95, 96, 41.60, 62, '2025-07-09 00:45:16.760782');
INSERT INTO public.route VALUES (52, 96, 97, 36.40, 58, '2025-07-09 00:45:16.760782');
INSERT INTO public.route VALUES (53, 97, 98, 48.80, 72, '2025-07-09 00:45:16.760782');
INSERT INTO public.route VALUES (54, 98, 99, 31.90, 49, '2025-07-09 00:45:16.760782');
INSERT INTO public.route VALUES (55, 99, 100, 44.70, 67, '2025-07-09 00:45:16.760782');
INSERT INTO public.route VALUES (56, 100, 101, 39.30, 59, '2025-07-09 00:45:16.760782');
INSERT INTO public.route VALUES (57, 101, 102, 46.20, 69, '2025-07-09 00:45:16.760782');
INSERT INTO public.route VALUES (58, 102, 103, 34.80, 54, '2025-07-09 00:45:16.760782');
INSERT INTO public.route VALUES (59, 103, 104, 37.50, 57, '2025-07-09 00:45:16.760782');
INSERT INTO public.route VALUES (60, 85, 104, 672.45, 1080, '2025-07-09 00:45:16.760782');


--
-- TOC entry 5140 (class 0 OID 40948)
-- Dependencies: 243
-- Data for Name: route_station; Type: TABLE DATA; Schema: public; Owner: postgres
--

INSERT INTO public.route_station VALUES (1, 31, 80, '09:15:00', '09:20:00');
INSERT INTO public.route_station VALUES (2, 32, 79, '01:30:00', '01:35:00');
INSERT INTO public.route_station VALUES (3, 33, 78, '09:45:00', '09:50:00');


--
-- TOC entry 5142 (class 0 OID 40952)
-- Dependencies: 245
-- Data for Name: schedule; Type: TABLE DATA; Schema: public; Owner: postgres
--

INSERT INTO public.schedule VALUES (1, 49, 31, '07:00:00', '14:00:00', '2025-07-16', 'On Time', '2025-06-23 11:42:14.348511');
INSERT INTO public.schedule VALUES (2, 50, 31, '15:30:00', '22:30:00', '2025-07-17', 'On Time', '2025-06-23 11:42:14.348511');
INSERT INTO public.schedule VALUES (3, 51, 32, '22:30:00', '05:30:00', '2025-07-18', 'On Time', '2025-06-23 11:42:14.348511');
INSERT INTO public.schedule VALUES (4, 52, 33, '06:45:00', '12:45:00', '2025-07-19', 'On Time', '2025-06-23 11:42:14.348511');
INSERT INTO public.schedule VALUES (5, 53, 34, '21:00:00', '06:00:00', '2025-07-20', 'On Time', '2025-06-23 11:42:14.348511');
INSERT INTO public.schedule VALUES (6, 54, 35, '23:15:00', '03:15:00', '2025-07-21', 'On Time', '2025-06-23 11:42:14.348511');
INSERT INTO public.schedule VALUES (7, 55, 31, '08:30:00', '15:30:00', '2025-07-22', 'On Time', '2025-06-23 11:42:14.348511');
INSERT INTO public.schedule VALUES (8, 56, 36, '16:20:00', '18:50:00', '2025-07-23', 'On Time', '2025-06-23 11:42:14.348511');
INSERT INTO public.schedule VALUES (9, 57, 41, '06:00:00', '06:25:00', '2025-07-24', 'On Time', '2025-07-09 00:45:16.760782');
INSERT INTO public.schedule VALUES (10, 58, 42, '06:30:00', '07:10:00', '2025-07-25', 'On Time', '2025-07-09 00:45:16.760782');
INSERT INTO public.schedule VALUES (11, 59, 43, '07:15:00', '08:15:00', '2025-07-26', 'On Time', '2025-07-09 00:45:16.760782');
INSERT INTO public.schedule VALUES (12, 60, 44, '08:20:00', '09:10:00', '2025-07-27', 'On Time', '2025-07-09 00:45:16.760782');
INSERT INTO public.schedule VALUES (13, 61, 45, '09:15:00', '10:00:00', '2025-07-28', 'On Time', '2025-07-09 00:45:16.760782');
INSERT INTO public.schedule VALUES (14, 62, 46, '10:05:00', '11:10:00', '2025-07-29', 'On Time', '2025-07-09 00:45:16.760782');
INSERT INTO public.schedule VALUES (15, 63, 47, '11:15:00', '12:10:00', '2025-07-30', 'On Time', '2025-07-09 00:45:16.760782');
INSERT INTO public.schedule VALUES (16, 64, 48, '12:15:00', '13:30:00', '2025-07-31', 'On Time', '2025-07-09 00:45:16.760782');
INSERT INTO public.schedule VALUES (17, 65, 49, '13:35:00', '14:23:00', '2025-08-01', 'On Time', '2025-07-09 00:45:16.760782');
INSERT INTO public.schedule VALUES (18, 66, 50, '14:30:00', '15:22:00', '2025-08-02', 'On Time', '2025-07-09 00:45:16.760782');
INSERT INTO public.schedule VALUES (19, 67, 51, '15:30:00', '16:32:00', '2025-08-03', 'On Time', '2025-07-09 00:45:16.760782');
INSERT INTO public.schedule VALUES (20, 68, 52, '16:40:00', '17:38:00', '2025-08-04', 'On Time', '2025-07-09 00:45:16.760782');
INSERT INTO public.schedule VALUES (21, 69, 53, '17:45:00', '18:57:00', '2025-08-05', 'On Time', '2025-07-09 00:45:16.760782');
INSERT INTO public.schedule VALUES (22, 70, 54, '19:00:00', '19:49:00', '2025-08-06', 'On Time', '2025-07-09 00:45:16.760782');
INSERT INTO public.schedule VALUES (23, 71, 55, '20:00:00', '21:07:00', '2025-08-07', 'On Time', '2025-07-09 00:45:16.760782');
INSERT INTO public.schedule VALUES (24, 72, 56, '21:15:00', '22:14:00', '2025-08-08', 'On Time', '2025-07-09 00:45:16.760782');
INSERT INTO public.schedule VALUES (25, 73, 57, '22:20:00', '23:29:00', '2025-08-09', 'On Time', '2025-07-09 00:45:16.760782');
INSERT INTO public.schedule VALUES (26, 74, 58, '23:35:00', '00:29:00', '2025-08-10', 'On Time', '2025-07-09 00:45:16.760782');
INSERT INTO public.schedule VALUES (27, 75, 59, '00:35:00', '01:32:00', '2025-08-11', 'On Time', '2025-07-09 00:45:16.760782');
INSERT INTO public.schedule VALUES (28, 76, 60, '01:40:00', '19:40:00', '2025-08-12', 'On Time', '2025-07-09 00:45:16.760782');
INSERT INTO public.schedule VALUES (29, 77, 33, '14:00:00', '20:00:00', '2025-08-13', 'On Time', '2025-07-09 00:45:16.760782');
INSERT INTO public.schedule VALUES (30, 78, 33, '14:00:00', '20:00:00', '2025-08-14', 'On Time', '2025-07-09 00:45:16.760782');
INSERT INTO public.schedule VALUES (31, 55, 31, '16:00:00', '23:00:00', '2025-08-15', 'On Time', '2025-07-09 00:45:16.760782');
INSERT INTO public.schedule VALUES (32, 79, 31, '07:00:00', '14:00:00', '2025-08-16', 'On Time', '2025-07-09 01:23:41.179655');


--
-- TOC entry 5144 (class 0 OID 40958)
-- Dependencies: 247
-- Data for Name: seat_inventory; Type: TABLE DATA; Schema: public; Owner: postgres
--

INSERT INTO public.seat_inventory VALUES (1, 1, 'A1', 'AC_CHAIR', 'AC_Chair', false, 1, 1);
INSERT INTO public.seat_inventory VALUES (2, 1, 'A2', 'AC_CHAIR', 'AC_Chair', false, 1, 2);
INSERT INTO public.seat_inventory VALUES (3, 1, 'B1', 'AC_CHAIR', 'AC_Chair', true, 1, 3);
INSERT INTO public.seat_inventory VALUES (4, 1, 'B2', 'AC_CHAIR', 'AC_Chair', true, 1, 4);
INSERT INTO public.seat_inventory VALUES (5, 1, 'A3', 'AC_CHAIR', 'AC_Chair', false, 2, 1);
INSERT INTO public.seat_inventory VALUES (6, 1, 'A4', 'AC_CHAIR', 'AC_Chair', false, 2, 2);
INSERT INTO public.seat_inventory VALUES (7, 1, 'B3', 'AC_CHAIR', 'AC_Chair', true, 2, 3);
INSERT INTO public.seat_inventory VALUES (8, 1, 'B4', 'AC_CHAIR', 'AC_Chair', true, 2, 4);
INSERT INTO public.seat_inventory VALUES (9, 1, 'A5', 'AC_CHAIR', 'AC_Chair', false, 3, 1);
INSERT INTO public.seat_inventory VALUES (10, 1, 'A6', 'AC_CHAIR', 'AC_Chair', true, 3, 2);
INSERT INTO public.seat_inventory VALUES (11, 1, 'B5', 'AC_CHAIR', 'AC_Chair', false, 3, 3);
INSERT INTO public.seat_inventory VALUES (12, 1, 'B6', 'AC_CHAIR', 'AC_Chair', true, 3, 4);
INSERT INTO public.seat_inventory VALUES (13, 1, 'A7', 'AC_CHAIR', 'AC_Chair', true, 4, 1);
INSERT INTO public.seat_inventory VALUES (14, 1, 'A8', 'AC_CHAIR', 'AC_Chair', true, 4, 2);
INSERT INTO public.seat_inventory VALUES (15, 1, 'B7', 'AC_CHAIR', 'AC_Chair', true, 4, 3);
INSERT INTO public.seat_inventory VALUES (16, 1, 'B8', 'AC_CHAIR', 'AC_Chair', true, 4, 4);
INSERT INTO public.seat_inventory VALUES (17, 2, 'F1', 'F_CHAIR', 'F_Chair', true, 1, 1);
INSERT INTO public.seat_inventory VALUES (18, 2, 'F2', 'F_CHAIR', 'F_Chair', true, 1, 2);
INSERT INTO public.seat_inventory VALUES (19, 2, 'F3', 'F_CHAIR', 'F_Chair', true, 1, 3);
INSERT INTO public.seat_inventory VALUES (20, 2, 'F4', 'F_CHAIR', 'F_Chair', false, 1, 4);
INSERT INTO public.seat_inventory VALUES (21, 2, 'F5', 'F_CHAIR', 'F_Chair', true, 2, 1);
INSERT INTO public.seat_inventory VALUES (22, 2, 'F6', 'F_CHAIR', 'F_Chair', true, 2, 2);
INSERT INTO public.seat_inventory VALUES (23, 2, 'F7', 'F_CHAIR', 'F_Chair', true, 2, 3);
INSERT INTO public.seat_inventory VALUES (24, 2, 'F8', 'F_CHAIR', 'F_Chair', true, 2, 4);
INSERT INTO public.seat_inventory VALUES (25, 2, 'F9', 'F_CHAIR', 'F_Chair', true, 3, 1);
INSERT INTO public.seat_inventory VALUES (26, 2, 'F10', 'F_CHAIR', 'F_Chair', false, 3, 2);
INSERT INTO public.seat_inventory VALUES (27, 2, 'F11', 'F_CHAIR', 'F_Chair', true, 3, 3);
INSERT INTO public.seat_inventory VALUES (28, 2, 'F12', 'F_CHAIR', 'F_Chair', true, 3, 4);
INSERT INTO public.seat_inventory VALUES (29, 9, 'M1', 'AC_S_CHAIR', 'AC_S_Chair', true, 1, 1);
INSERT INTO public.seat_inventory VALUES (30, 9, 'M2', 'AC_S_CHAIR', 'AC_S_Chair', true, 1, 2);
INSERT INTO public.seat_inventory VALUES (31, 10, 'C1', 'AC_F_CHAIR', 'AC_F_Chair', true, 1, 1);
INSERT INTO public.seat_inventory VALUES (32, 10, 'C2', 'AC_F_CHAIR', 'AC_F_Chair', true, 1, 2);
INSERT INTO public.seat_inventory VALUES (33, 11, 'S1', 'SLEEPER', 'Sleeper_Class', true, 1, 1);
INSERT INTO public.seat_inventory VALUES (34, 11, 'S2', 'SLEEPER', 'Sleeper_Class', true, 1, 2);
INSERT INTO public.seat_inventory VALUES (35, 12, 'G1', 'GENERAL', 'General_Class', true, 1, 1);
INSERT INTO public.seat_inventory VALUES (36, 12, 'G2', 'GENERAL', 'General_Class', true, 1, 2);
INSERT INTO public.seat_inventory VALUES (37, 13, 'L1', 'LADIES', 'Ladies_Coach', true, 1, 1);
INSERT INTO public.seat_inventory VALUES (38, 13, 'L2', 'LADIES', 'Ladies_Coach', true, 1, 2);
INSERT INTO public.seat_inventory VALUES (39, 14, 'D1', 'DINING', 'Dining_Car', true, 1, 1);
INSERT INTO public.seat_inventory VALUES (40, 15, 'DN1', 'LUGGAGE', 'Luggage_Van', true, 1, 1);
INSERT INTO public.seat_inventory VALUES (41, 16, 'LG1', 'MAIL', 'Mail_Van', true, 1, 1);
INSERT INTO public.seat_inventory VALUES (42, 17, 'ML1', 'GENERATOR', 'Generator_Van', true, 1, 1);
INSERT INTO public.seat_inventory VALUES (43, 18, 'GN1', 'INSPECTION', 'Inspection_Car', true, 1, 1);
INSERT INTO public.seat_inventory VALUES (44, 19, 'IN1', 'SALOON', 'Saloon_Car', true, 1, 1);
INSERT INTO public.seat_inventory VALUES (45, 20, 'SL1', 'EXECUTIVE', 'Executive_Class', true, 1, 1);
INSERT INTO public.seat_inventory VALUES (46, 21, 'EX1', 'BUSINESS', 'Business_Class', true, 1, 1);
INSERT INTO public.seat_inventory VALUES (47, 22, 'BS1', 'TOURIST', 'Tourist_Class', true, 1, 1);
INSERT INTO public.seat_inventory VALUES (48, 23, 'TR1', 'ECONOMY_PLUS', 'Economy_Plus', true, 1, 1);
INSERT INTO public.seat_inventory VALUES (49, 24, 'EP1', 'PREMIUM_ECO', 'Premium_Economy', true, 1, 1);
INSERT INTO public.seat_inventory VALUES (50, 25, 'PE1', 'STANDARD_PLUS', 'Standard_Plus', true, 1, 1);
INSERT INTO public.seat_inventory VALUES (51, 26, 'SP1', 'COMFORT', 'Comfort_Class', true, 1, 1);
INSERT INTO public.seat_inventory VALUES (52, 27, 'CF1', 'EXPRESS', 'Express_Class', true, 1, 1);
INSERT INTO public.seat_inventory VALUES (53, 28, 'ER1', 'AC_S_CHAIR', 'AC_S_Chair', true, 1, 1);
INSERT INTO public.seat_inventory VALUES (54, 29, 'KA-1', 'SHOVAN', 'Shovan', true, 1, 1);
INSERT INTO public.seat_inventory VALUES (55, 29, 'KA-2', 'SHOVAN', 'Shovan', true, 1, 2);
INSERT INTO public.seat_inventory VALUES (56, 29, 'KA-3', 'SHOVAN', 'Shovan', true, 1, 3);
INSERT INTO public.seat_inventory VALUES (57, 29, 'KA-4', 'SHOVAN', 'Shovan', true, 1, 4);
INSERT INTO public.seat_inventory VALUES (58, 29, 'KHA-1', 'SHOVAN', 'Shovan', true, 2, 1);
INSERT INTO public.seat_inventory VALUES (59, 29, 'KHA-2', 'SHOVAN', 'Shovan', true, 2, 2);
INSERT INTO public.seat_inventory VALUES (60, 29, 'KHA-3', 'SHOVAN', 'Shovan', true, 2, 3);
INSERT INTO public.seat_inventory VALUES (61, 29, 'KHA-4', 'SHOVAN', 'Shovan', true, 2, 4);
INSERT INTO public.seat_inventory VALUES (62, 29, 'GA-1', 'SHOVAN', 'Shovan', true, 3, 1);
INSERT INTO public.seat_inventory VALUES (63, 29, 'GA-2', 'SHOVAN', 'Shovan', true, 3, 2);
INSERT INTO public.seat_inventory VALUES (64, 29, 'GA-3', 'SHOVAN', 'Shovan', true, 3, 3);
INSERT INTO public.seat_inventory VALUES (65, 29, 'GA-4', 'SHOVAN', 'Shovan', true, 3, 4);
INSERT INTO public.seat_inventory VALUES (66, 30, 'A-1', 'S_CHAIR', 'S_Chair', true, 1, 1);
INSERT INTO public.seat_inventory VALUES (67, 30, 'A-2', 'S_CHAIR', 'S_Chair', true, 1, 2);
INSERT INTO public.seat_inventory VALUES (68, 30, 'A-3', 'S_CHAIR', 'S_Chair', true, 1, 3);
INSERT INTO public.seat_inventory VALUES (69, 30, 'A-4', 'S_CHAIR', 'S_Chair', true, 1, 4);
INSERT INTO public.seat_inventory VALUES (70, 30, 'B-1', 'S_CHAIR', 'S_Chair', true, 2, 1);
INSERT INTO public.seat_inventory VALUES (71, 30, 'B-2', 'S_CHAIR', 'S_Chair', true, 2, 2);
INSERT INTO public.seat_inventory VALUES (72, 30, 'B-3', 'S_CHAIR', 'S_Chair', true, 2, 3);
INSERT INTO public.seat_inventory VALUES (73, 30, 'B-4', 'S_CHAIR', 'S_Chair', true, 2, 4);
INSERT INTO public.seat_inventory VALUES (74, 30, 'C-1', 'S_CHAIR', 'S_Chair', true, 3, 1);
INSERT INTO public.seat_inventory VALUES (75, 30, 'C-2', 'S_CHAIR', 'S_Chair', true, 3, 2);
INSERT INTO public.seat_inventory VALUES (76, 30, 'C-3', 'S_CHAIR', 'S_Chair', true, 3, 3);
INSERT INTO public.seat_inventory VALUES (77, 30, 'C-4', 'S_CHAIR', 'S_Chair', true, 3, 4);
INSERT INTO public.seat_inventory VALUES (78, 31, 'SNG-1', 'SNIGDHA', 'Snigdha', true, 1, 1);
INSERT INTO public.seat_inventory VALUES (79, 31, 'SNG-2', 'SNIGDHA', 'Snigdha', true, 1, 2);
INSERT INTO public.seat_inventory VALUES (80, 31, 'SNG-3', 'SNIGDHA', 'Snigdha', true, 1, 3);
INSERT INTO public.seat_inventory VALUES (81, 31, 'SNG-4', 'SNIGDHA', 'Snigdha', true, 1, 4);
INSERT INTO public.seat_inventory VALUES (82, 31, 'SNG-5', 'SNIGDHA', 'Snigdha', true, 2, 1);
INSERT INTO public.seat_inventory VALUES (83, 31, 'SNG-6', 'SNIGDHA', 'Snigdha', true, 2, 2);
INSERT INTO public.seat_inventory VALUES (84, 31, 'SNG-7', 'SNIGDHA', 'Snigdha', true, 2, 3);
INSERT INTO public.seat_inventory VALUES (85, 31, 'SNG-8', 'SNIGDHA', 'Snigdha', true, 2, 4);
INSERT INTO public.seat_inventory VALUES (86, 31, 'SNG-9', 'SNIGDHA', 'Snigdha', true, 3, 1);
INSERT INTO public.seat_inventory VALUES (87, 31, 'SNG-10', 'SNIGDHA', 'Snigdha', true, 3, 2);
INSERT INTO public.seat_inventory VALUES (88, 31, 'SNG-11', 'SNIGDHA', 'Snigdha', true, 3, 3);
INSERT INTO public.seat_inventory VALUES (89, 31, 'SNG-12', 'SNIGDHA', 'Snigdha', true, 3, 4);
INSERT INTO public.seat_inventory VALUES (90, 32, 'SNG-A1', 'SNIGDHA', 'Snigdha', true, 1, 1);
INSERT INTO public.seat_inventory VALUES (91, 32, 'SNG-A2', 'SNIGDHA', 'Snigdha', true, 1, 2);
INSERT INTO public.seat_inventory VALUES (92, 32, 'SNG-A3', 'SNIGDHA', 'Snigdha', true, 1, 3);
INSERT INTO public.seat_inventory VALUES (93, 32, 'SNG-B1', 'SNIGDHA', 'Snigdha', true, 1, 4);
INSERT INTO public.seat_inventory VALUES (94, 32, 'SNG-B2', 'SNIGDHA', 'Snigdha', true, 2, 1);
INSERT INTO public.seat_inventory VALUES (95, 32, 'SNG-B3', 'SNIGDHA', 'Snigdha', true, 2, 2);
INSERT INTO public.seat_inventory VALUES (96, 32, 'SNG-C1', 'SNIGDHA', 'Snigdha', true, 2, 3);
INSERT INTO public.seat_inventory VALUES (97, 32, 'SNG-C2', 'SNIGDHA', 'Snigdha', true, 2, 4);
INSERT INTO public.seat_inventory VALUES (98, 32, 'SNG-D1', 'SNIGDHA', 'Snigdha', true, 3, 1);
INSERT INTO public.seat_inventory VALUES (99, 32, 'SNG-D2', 'SNIGDHA', 'Snigdha', true, 3, 2);


--
-- TOC entry 5146 (class 0 OID 40963)
-- Dependencies: 249
-- Data for Name: station; Type: TABLE DATA; Schema: public; Owner: postgres
--

INSERT INTO public.station VALUES (73, 'Dhaka Kamalapur', 'Kamalapur, Dhaka', '+880-2-8315915', '2025-06-23 11:42:14.348511');
INSERT INTO public.station VALUES (74, 'Chittagong Railway Station', 'Railway Colony, Chittagong', '+880-31-610012', '2025-06-23 11:42:14.348511');
INSERT INTO public.station VALUES (75, 'Sylhet Railway Station', 'Railway Colony, Sylhet', '+880-821-710345', '2025-06-23 11:42:14.348511');
INSERT INTO public.station VALUES (76, 'Rajshahi Railway Station', 'Court Station, Rajshahi', '+880-721-772889', '2025-06-23 11:42:14.348511');
INSERT INTO public.station VALUES (77, 'Rangpur Railway Station', 'Station Road, Rangpur', '+880-521-63456', '2025-06-23 11:42:14.348511');
INSERT INTO public.station VALUES (78, 'Kushtia Railway Station', 'Station Road, Kushtia', '+880-71-61234', '2025-06-23 11:42:14.348511');
INSERT INTO public.station VALUES (79, 'Mymensingh Railway Station', 'Town Hall Road, Mymensingh', '+880-91-55678', '2025-06-23 11:42:14.348511');
INSERT INTO public.station VALUES (80, 'Comilla Cantonment', 'Cantonment, Comilla', '+880-81-76543', '2025-06-23 11:42:14.348511');
INSERT INTO public.station VALUES (81, 'Jessore Railway Station', 'Station Road, Jessore', '+880-421-68901', '2025-06-23 11:42:14.348511');
INSERT INTO public.station VALUES (82, 'Bogura Railway Station', 'Station Para, Bogura', '+880-51-67890', '2025-06-23 11:42:14.348511');
INSERT INTO public.station VALUES (83, 'Dinajpur Railway Station', 'Station Road, Dinajpur', '+880-531-61234', '2025-06-23 11:42:14.348511');
INSERT INTO public.station VALUES (84, 'Parbatipur Junction', 'Parbatipur, Dinajpur', '+880-531-56789', '2025-06-23 11:42:14.348511');
INSERT INTO public.station VALUES (85, 'Baridhara Railway Station', 'Baridhara, Dhaka', '+880-2-8834567', '2025-07-09 00:45:16.760782');
INSERT INTO public.station VALUES (86, 'Tejgaon Railway Station', 'Tejgaon, Dhaka', '+880-2-9876543', '2025-07-09 00:45:16.760782');
INSERT INTO public.station VALUES (87, 'Uttara Railway Station', 'Uttara, Dhaka', '+880-2-8765432', '2025-07-09 00:45:16.760782');
INSERT INTO public.station VALUES (88, 'Narayanganj Railway Station', 'Narayanganj', '+880-2-7654321', '2025-07-09 00:45:16.760782');
INSERT INTO public.station VALUES (89, 'Tongi Railway Station', 'Tongi, Gazipur', '+880-2-6543210', '2025-07-09 00:45:16.760782');
INSERT INTO public.station VALUES (90, 'Brahmanbaria Railway Station', 'Brahmanbaria', '+880-851-56789', '2025-07-09 00:45:16.760782');
INSERT INTO public.station VALUES (91, 'Feni Railway Station', 'Feni', '+880-331-65432', '2025-07-09 00:45:16.760782');
INSERT INTO public.station VALUES (92, 'Noakhali Railway Station', 'Noakhali', '+880-321-54321', '2025-07-09 00:45:16.760782');
INSERT INTO public.station VALUES (93, 'Barisal Railway Station', 'Barisal', '+880-431-43210', '2025-07-09 00:45:16.760782');
INSERT INTO public.station VALUES (94, 'Patuakhali Railway Station', 'Patuakhali', '+880-441-32109', '2025-07-09 00:45:16.760782');
INSERT INTO public.station VALUES (95, 'Khulna Railway Station', 'Khulna', '+880-41-21098', '2025-07-09 00:45:16.760782');
INSERT INTO public.station VALUES (96, 'Satkhira Railway Station', 'Satkhira', '+880-471-10987', '2025-07-09 00:45:16.760782');
INSERT INTO public.station VALUES (97, 'Chuadanga Railway Station', 'Chuadanga', '+880-761-09876', '2025-07-09 00:45:16.760782');
INSERT INTO public.station VALUES (98, 'Meherpur Railway Station', 'Meherpur', '+880-791-98765', '2025-07-09 00:45:16.760782');
INSERT INTO public.station VALUES (99, 'Jhenaidah Railway Station', 'Jhenaidah', '+880-451-87654', '2025-07-09 00:45:16.760782');
INSERT INTO public.station VALUES (100, 'Magura Railway Station', 'Magura', '+880-488-76543', '2025-07-09 00:45:16.760782');
INSERT INTO public.station VALUES (101, 'Narail Railway Station', 'Narail', '+880-481-65432', '2025-07-09 00:45:16.760782');
INSERT INTO public.station VALUES (102, 'Gopalganj Railway Station', 'Gopalganj', '+880-661-54321', '2025-07-09 00:45:16.760782');
INSERT INTO public.station VALUES (103, 'Faridpur Railway Station', 'Faridpur', '+880-631-43210', '2025-07-09 00:45:16.760782');
INSERT INTO public.station VALUES (104, 'Madaripur Railway Station', 'Madaripur', '+880-641-32109', '2025-07-09 00:45:16.760782');


--
-- TOC entry 5148 (class 0 OID 40970)
-- Dependencies: 251
-- Data for Name: ticket; Type: TABLE DATA; Schema: public; Owner: postgres
--

INSERT INTO public.ticket VALUES (1, 7, 61, 1, '2025-06-23 11:42:14.348511', 'A4', 640.00, 'Booked', 1);
INSERT INTO public.ticket VALUES (2, 7, 63, 1, '2025-06-23 11:42:14.348511', 'B5', 640.00, 'Booked', 3);
INSERT INTO public.ticket VALUES (4, 3, 64, 2, '2025-06-23 11:42:14.348511', 'F10', 320.00, 'Booked', 4);
INSERT INTO public.ticket VALUES (3, 3, 62, 2, '2025-06-23 11:42:14.348511', 'F3', 320.00, 'Cancelled', 2);
INSERT INTO public.ticket VALUES (9, 7, 61, 1, '2025-06-23 14:04:25.543494', 'A2', 641.00, 'Booked', 14);
INSERT INTO public.ticket VALUES (8, 3, 62, 2, '2025-06-23 13:13:26.012814', 'F4', 320.50, 'Cancelled', 13);
INSERT INTO public.ticket VALUES (10, 7, 62, 1, '2025-07-09 10:00:49.964062', 'A3', 641.00, 'Cancelled', 15);
INSERT INTO public.ticket VALUES (5, 7, 62, 1, '2025-06-23 13:11:47.787254', 'A1', 641.00, 'Cancelled', 10);
INSERT INTO public.ticket VALUES (11, 7, 62, 1, '2025-07-09 10:36:57.021515', 'A6', 641.00, 'Cancelled', 16);
INSERT INTO public.ticket VALUES (12, 7, 62, 1, '2025-07-09 12:18:42.832831', 'A5', 641.00, 'Cancelled', 17);
INSERT INTO public.ticket VALUES (14, 7, 62, 1, '2025-07-09 12:21:40.517925', 'A5', 641.00, 'Cancelled', 19);
INSERT INTO public.ticket VALUES (15, 7, 75, 1, '2025-07-09 12:23:25.647591', 'A5', 641.00, 'Booked', 20);
INSERT INTO public.ticket VALUES (16, 6, 62, 32, '2025-07-09 12:24:33.62756', 'SNG-B2', 560.88, 'Cancelled', 21);
INSERT INTO public.ticket VALUES (17, 7, 62, 1, '2025-07-09 14:45:40.781331', 'A6', 641.00, 'Cancelled', 22);
INSERT INTO public.ticket VALUES (18, 7, 62, 1, '2025-07-09 15:31:44.51186', 'A7', 641.00, 'Cancelled', 23);


--
-- TOC entry 5149 (class 0 OID 40975)
-- Dependencies: 252
-- Data for Name: ticket_booking; Type: TABLE DATA; Schema: public; Owner: postgres
--

INSERT INTO public.ticket_booking VALUES (1, 1);
INSERT INTO public.ticket_booking VALUES (2, 2);
INSERT INTO public.ticket_booking VALUES (3, 3);
INSERT INTO public.ticket_booking VALUES (4, 4);
INSERT INTO public.ticket_booking VALUES (5, 6);
INSERT INTO public.ticket_booking VALUES (8, 9);
INSERT INTO public.ticket_booking VALUES (9, 10);
INSERT INTO public.ticket_booking VALUES (10, 11);
INSERT INTO public.ticket_booking VALUES (11, 12);
INSERT INTO public.ticket_booking VALUES (12, 13);
INSERT INTO public.ticket_booking VALUES (14, 15);
INSERT INTO public.ticket_booking VALUES (15, 16);
INSERT INTO public.ticket_booking VALUES (16, 17);
INSERT INTO public.ticket_booking VALUES (17, 18);
INSERT INTO public.ticket_booking VALUES (18, 19);


--
-- TOC entry 5150 (class 0 OID 40978)
-- Dependencies: 253
-- Data for Name: ticket_cancellation; Type: TABLE DATA; Schema: public; Owner: postgres
--

INSERT INTO public.ticket_cancellation VALUES (1, 3, '2025-06-23 13:12:33.497172', 256.00, 'nothing', 1, 'Processed');
INSERT INTO public.ticket_cancellation VALUES (2, 11, '2025-07-09 10:37:20.211164', 199.47, 'iol', 1, 'Processed');
INSERT INTO public.ticket_cancellation VALUES (3, 12, '2025-07-09 12:19:02.483192', 133.47, 'kik', 1, 'Processed');
INSERT INTO public.ticket_cancellation VALUES (4, 14, '2025-07-09 12:21:59.203457', 77.03, 'kiki', 1, 'Processed');
INSERT INTO public.ticket_cancellation VALUES (5, 16, '2025-07-09 13:17:09.939916', 91.29, 'Tour cancelled', 1, 'Processed');
INSERT INTO public.ticket_cancellation VALUES (6, 17, '2025-07-09 15:32:46.642855', 197.02, 'Tour cancelled', 1, 'Processed');
INSERT INTO public.ticket_cancellation VALUES (7, 18, '2025-07-13 23:09:14.10614', 197.15, 'Tour Cancelled', 1, 'Processed');


--
-- TOC entry 5153 (class 0 OID 40987)
-- Dependencies: 256
-- Data for Name: train; Type: TABLE DATA; Schema: public; Owner: postgres
--

INSERT INTO public.train VALUES (49, 'Suborno Express', 'AC_CHAIR', 'AC_Chair', 76, 'Premium AC service between Dhaka and Chittagong', '2025-06-23 11:42:14.348511');
INSERT INTO public.train VALUES (50, 'Turna Nishitha', 'F_CHAIR', 'F_Chair', 85, 'Fast intercity service Dhaka-Chittagong', '2025-06-23 11:42:14.348511');
INSERT INTO public.train VALUES (51, 'Parabat Express', 'S_CHAIR', 'S_Chair', 90, 'Express service Dhaka-Sylhet', '2025-06-23 11:42:14.348511');
INSERT INTO public.train VALUES (52, 'Silk City Express', 'SHOVAN', 'Shovan', 110, 'Economy service Dhaka-Rajshahi', '2025-06-23 11:42:14.348511');
INSERT INTO public.train VALUES (53, 'Rangpur Express', 'F_BERTH', 'F_Berth', 64, 'Overnight service Dhaka-Rangpur', '2025-06-23 11:42:14.348511');
INSERT INTO public.train VALUES (54, 'Kushtia Express', 'S_BERTH', 'S_Berth', 72, 'Mail train Dhaka-Kushtia', '2025-06-23 11:42:14.348511');
INSERT INTO public.train VALUES (55, 'Chittagong Mail', 'SNIGDHA', 'Snigdha', 80, 'Comfortable service Dhaka-Chittagong', '2025-06-23 11:42:14.348511');
INSERT INTO public.train VALUES (56, 'Mymensingh Express', 'S_CHAIR', 'S_Chair', 88, 'Regional express Dhaka-Mymensingh', '2025-06-23 11:42:14.348511');
INSERT INTO public.train VALUES (57, 'Metro Express', 'AC_S_CHAIR', 'AC_S_Chair', 68, 'Metro AC service within Dhaka', '2025-07-09 00:45:16.760782');
INSERT INTO public.train VALUES (58, 'City Commuter', 'AC_F_CHAIR', 'AC_F_Chair', 72, 'Urban commuter service', '2025-07-09 00:45:16.760782');
INSERT INTO public.train VALUES (59, 'Night Mail', 'SLEEPER', 'Sleeper_Class', 48, 'Overnight sleeper service', '2025-07-09 00:45:16.760782');
INSERT INTO public.train VALUES (60, 'Local Express', 'GENERAL', 'General_Class', 120, 'Local general service', '2025-07-09 00:45:16.760782');
INSERT INTO public.train VALUES (61, 'Ladies Special', 'LADIES', 'Ladies_Coach', 80, 'Ladies only service', '2025-07-09 00:45:16.760782');
INSERT INTO public.train VALUES (62, 'Accessible Train', 'DISABLED', 'Disabled_Coach', 60, 'Disabled-friendly service', '2025-07-09 00:45:16.760782');
INSERT INTO public.train VALUES (63, 'Dining Express', 'DINING', 'Dining_Car', 40, 'Express with dining facilities', '2025-07-09 00:45:16.760782');
INSERT INTO public.train VALUES (64, 'Cargo Express', 'LUGGAGE', 'Luggage_Van', 20, 'Luggage transport service', '2025-07-09 00:45:16.760782');
INSERT INTO public.train VALUES (65, 'Mail Runner', 'MAIL', 'Mail_Van', 30, 'Mail delivery service', '2025-07-09 00:45:16.760782');
INSERT INTO public.train VALUES (66, 'Power Express', 'GENERATOR', 'Generator_Van', 25, 'Service train with generator', '2025-07-09 00:45:16.760782');
INSERT INTO public.train VALUES (67, 'Official Special', 'INSPECTION', 'Inspection_Car', 15, 'Official inspection service', '2025-07-09 00:45:16.760782');
INSERT INTO public.train VALUES (68, 'VIP Service', 'SALOON', 'Saloon_Car', 12, 'VIP saloon service', '2025-07-09 00:45:16.760782');
INSERT INTO public.train VALUES (69, 'Executive Express', 'EXECUTIVE', 'Executive_Class', 50, 'Executive class service', '2025-07-09 00:45:16.760782');
INSERT INTO public.train VALUES (70, 'Business Line', 'BUSINESS', 'Business_Class', 45, 'Business class service', '2025-07-09 00:45:16.760782');
INSERT INTO public.train VALUES (71, 'Tourist Special', 'TOURIST', 'Tourist_Class', 90, 'Tourist special service', '2025-07-09 00:45:16.760782');
INSERT INTO public.train VALUES (72, 'Economy Plus', 'ECONOMY_PLUS', 'Economy_Plus', 100, 'Enhanced economy service', '2025-07-09 00:45:16.760782');
INSERT INTO public.train VALUES (73, 'Premium Service', 'PREMIUM_ECO', 'Premium_Economy', 75, 'Premium economy service', '2025-07-09 00:45:16.760782');
INSERT INTO public.train VALUES (74, 'Standard Plus', 'STANDARD_PLUS', 'Standard_Plus', 95, 'Enhanced standard service', '2025-07-09 00:45:16.760782');
INSERT INTO public.train VALUES (75, 'Comfort Line', 'COMFORT', 'Comfort_Class', 65, 'Comfort class service', '2025-07-09 00:45:16.760782');
INSERT INTO public.train VALUES (76, 'Express Runner', 'EXPRESS', 'Express_Class', 85, 'Express class service', '2025-07-09 00:45:16.760782');
INSERT INTO public.train VALUES (77, 'Padma Express - Shovan', 'SHOVAN', 'Shovan', 110, 'Intercity service Dhaka-Rajshahi - Shovan Class', '2025-07-09 00:45:16.760782');
INSERT INTO public.train VALUES (78, 'Padma Express - S_Chair', 'S_CHAIR', 'S_Chair', 90, 'Intercity service Dhaka-Rajshahi - S_Chair Class', '2025-07-09 00:45:16.760782');
INSERT INTO public.train VALUES (79, 'Suborno Express - Snigdha', 'SNIGDHA', 'Snigdha', 80, 'Premium service between Dhaka and Chittagong - Snigdha Class', '2025-07-09 01:23:41.179655');


--
-- TOC entry 5161 (class 0 OID 0)
-- Dependencies: 218
-- Name: admin_admin_id_seq; Type: SEQUENCE SET; Schema: public; Owner: postgres
--

SELECT pg_catalog.setval('public.admin_admin_id_seq', 23, true);


--
-- TOC entry 5162 (class 0 OID 0)
-- Dependencies: 220
-- Name: booking_booking_id_seq; Type: SEQUENCE SET; Schema: public; Owner: postgres
--

SELECT pg_catalog.setval('public.booking_booking_id_seq', 19, true);


--
-- TOC entry 5163 (class 0 OID 0)
-- Dependencies: 222
-- Name: class_class_id_seq; Type: SEQUENCE SET; Schema: public; Owner: postgres
--

SELECT pg_catalog.setval('public.class_class_id_seq', 76, true);


--
-- TOC entry 5164 (class 0 OID 0)
-- Dependencies: 224
-- Name: coach_coach_id_seq; Type: SEQUENCE SET; Schema: public; Owner: postgres
--

SELECT pg_catalog.setval('public.coach_coach_id_seq', 76, true);


--
-- TOC entry 5165 (class 0 OID 0)
-- Dependencies: 226
-- Name: discount_discount_id_seq; Type: SEQUENCE SET; Schema: public; Owner: postgres
--

SELECT pg_catalog.setval('public.discount_discount_id_seq', 3, true);


--
-- TOC entry 5166 (class 0 OID 0)
-- Dependencies: 229
-- Name: fare_fare_id_seq; Type: SEQUENCE SET; Schema: public; Owner: postgres
--

SELECT pg_catalog.setval('public.fare_fare_id_seq', 28, true);


--
-- TOC entry 5167 (class 0 OID 0)
-- Dependencies: 231
-- Name: feedback_feedback_id_seq; Type: SEQUENCE SET; Schema: public; Owner: postgres
--

SELECT pg_catalog.setval('public.feedback_feedback_id_seq', 3, true);


--
-- TOC entry 5168 (class 0 OID 0)
-- Dependencies: 233
-- Name: login_history_login_id_seq; Type: SEQUENCE SET; Schema: public; Owner: postgres
--

SELECT pg_catalog.setval('public.login_history_login_id_seq', 42, true);


--
-- TOC entry 5169 (class 0 OID 0)
-- Dependencies: 236
-- Name: notification_notification_id_seq; Type: SEQUENCE SET; Schema: public; Owner: postgres
--

SELECT pg_catalog.setval('public.notification_notification_id_seq', 3, true);


--
-- TOC entry 5170 (class 0 OID 0)
-- Dependencies: 238
-- Name: passenger_passenger_id_seq; Type: SEQUENCE SET; Schema: public; Owner: postgres
--

SELECT pg_catalog.setval('public.passenger_passenger_id_seq', 90, true);


--
-- TOC entry 5171 (class 0 OID 0)
-- Dependencies: 240
-- Name: payment_payment_id_seq; Type: SEQUENCE SET; Schema: public; Owner: postgres
--

SELECT pg_catalog.setval('public.payment_payment_id_seq', 23, true);


--
-- TOC entry 5172 (class 0 OID 0)
-- Dependencies: 242
-- Name: route_route_id_seq; Type: SEQUENCE SET; Schema: public; Owner: postgres
--

SELECT pg_catalog.setval('public.route_route_id_seq', 60, true);


--
-- TOC entry 5173 (class 0 OID 0)
-- Dependencies: 244
-- Name: route_station_route_station_id_seq; Type: SEQUENCE SET; Schema: public; Owner: postgres
--

SELECT pg_catalog.setval('public.route_station_route_station_id_seq', 3, true);


--
-- TOC entry 5174 (class 0 OID 0)
-- Dependencies: 246
-- Name: schedule_schedule_id_seq; Type: SEQUENCE SET; Schema: public; Owner: postgres
--

SELECT pg_catalog.setval('public.schedule_schedule_id_seq', 32, true);


--
-- TOC entry 5175 (class 0 OID 0)
-- Dependencies: 248
-- Name: seat_inventory_inventory_id_seq; Type: SEQUENCE SET; Schema: public; Owner: postgres
--

SELECT pg_catalog.setval('public.seat_inventory_inventory_id_seq', 99, true);


--
-- TOC entry 5176 (class 0 OID 0)
-- Dependencies: 250
-- Name: station_station_id_seq; Type: SEQUENCE SET; Schema: public; Owner: postgres
--

SELECT pg_catalog.setval('public.station_station_id_seq', 104, true);


--
-- TOC entry 5177 (class 0 OID 0)
-- Dependencies: 254
-- Name: ticket_cancellation_cancellation_id_seq; Type: SEQUENCE SET; Schema: public; Owner: postgres
--

SELECT pg_catalog.setval('public.ticket_cancellation_cancellation_id_seq', 7, true);


--
-- TOC entry 5178 (class 0 OID 0)
-- Dependencies: 255
-- Name: ticket_ticket_id_seq; Type: SEQUENCE SET; Schema: public; Owner: postgres
--

SELECT pg_catalog.setval('public.ticket_ticket_id_seq', 18, true);


--
-- TOC entry 5179 (class 0 OID 0)
-- Dependencies: 257
-- Name: train_train_id_seq; Type: SEQUENCE SET; Schema: public; Owner: postgres
--

SELECT pg_catalog.setval('public.train_train_id_seq', 79, true);


--
-- TOC entry 4869 (class 2606 OID 40995)
-- Name: admin admin_email_key; Type: CONSTRAINT; Schema: public; Owner: postgres
--

ALTER TABLE ONLY public.admin
    ADD CONSTRAINT admin_email_key UNIQUE (email);


--
-- TOC entry 4871 (class 2606 OID 40997)
-- Name: admin admin_pkey; Type: CONSTRAINT; Schema: public; Owner: postgres
--

ALTER TABLE ONLY public.admin
    ADD CONSTRAINT admin_pkey PRIMARY KEY (admin_id);


--
-- TOC entry 4873 (class 2606 OID 40999)
-- Name: admin admin_username_key; Type: CONSTRAINT; Schema: public; Owner: postgres
--

ALTER TABLE ONLY public.admin
    ADD CONSTRAINT admin_username_key UNIQUE (username);


--
-- TOC entry 4875 (class 2606 OID 41001)
-- Name: booking booking_payment_id_key; Type: CONSTRAINT; Schema: public; Owner: postgres
--

ALTER TABLE ONLY public.booking
    ADD CONSTRAINT booking_payment_id_key UNIQUE (payment_id);


--
-- TOC entry 4877 (class 2606 OID 41003)
-- Name: booking booking_pkey; Type: CONSTRAINT; Schema: public; Owner: postgres
--

ALTER TABLE ONLY public.booking
    ADD CONSTRAINT booking_pkey PRIMARY KEY (booking_id);


--
-- TOC entry 4879 (class 2606 OID 41005)
-- Name: class class_class_type_key; Type: CONSTRAINT; Schema: public; Owner: postgres
--

ALTER TABLE ONLY public.class
    ADD CONSTRAINT class_class_type_key UNIQUE (class_type);


--
-- TOC entry 4881 (class 2606 OID 41007)
-- Name: class class_pkey; Type: CONSTRAINT; Schema: public; Owner: postgres
--

ALTER TABLE ONLY public.class
    ADD CONSTRAINT class_pkey PRIMARY KEY (class_id);


--
-- TOC entry 4883 (class 2606 OID 41009)
-- Name: coach coach_coach_number_key; Type: CONSTRAINT; Schema: public; Owner: postgres
--

ALTER TABLE ONLY public.coach
    ADD CONSTRAINT coach_coach_number_key UNIQUE (coach_number);


--
-- TOC entry 4885 (class 2606 OID 41011)
-- Name: coach coach_pkey; Type: CONSTRAINT; Schema: public; Owner: postgres
--

ALTER TABLE ONLY public.coach
    ADD CONSTRAINT coach_pkey PRIMARY KEY (coach_id);


--
-- TOC entry 4887 (class 2606 OID 41013)
-- Name: discount discount_code_key; Type: CONSTRAINT; Schema: public; Owner: postgres
--

ALTER TABLE ONLY public.discount
    ADD CONSTRAINT discount_code_key UNIQUE (code);


--
-- TOC entry 4891 (class 2606 OID 41015)
-- Name: discount_info discount_info_pkey; Type: CONSTRAINT; Schema: public; Owner: postgres
--

ALTER TABLE ONLY public.discount_info
    ADD CONSTRAINT discount_info_pkey PRIMARY KEY (discount_id, processed_by);


--
-- TOC entry 4889 (class 2606 OID 41017)
-- Name: discount discount_pkey; Type: CONSTRAINT; Schema: public; Owner: postgres
--

ALTER TABLE ONLY public.discount
    ADD CONSTRAINT discount_pkey PRIMARY KEY (discount_id);


--
-- TOC entry 4893 (class 2606 OID 41019)
-- Name: fare fare_pkey; Type: CONSTRAINT; Schema: public; Owner: postgres
--

ALTER TABLE ONLY public.fare
    ADD CONSTRAINT fare_pkey PRIMARY KEY (fare_id);


--
-- TOC entry 4895 (class 2606 OID 41021)
-- Name: feedback feedback_pkey; Type: CONSTRAINT; Schema: public; Owner: postgres
--

ALTER TABLE ONLY public.feedback
    ADD CONSTRAINT feedback_pkey PRIMARY KEY (feedback_id);


--
-- TOC entry 4897 (class 2606 OID 41023)
-- Name: login_history login_history_pkey; Type: CONSTRAINT; Schema: public; Owner: postgres
--

ALTER TABLE ONLY public.login_history
    ADD CONSTRAINT login_history_pkey PRIMARY KEY (login_id);


--
-- TOC entry 4901 (class 2606 OID 41025)
-- Name: notification_info notification_info_pkey; Type: CONSTRAINT; Schema: public; Owner: postgres
--

ALTER TABLE ONLY public.notification_info
    ADD CONSTRAINT notification_info_pkey PRIMARY KEY (passenger_id, notification_id);


--
-- TOC entry 4899 (class 2606 OID 41027)
-- Name: notification notification_pkey; Type: CONSTRAINT; Schema: public; Owner: postgres
--

ALTER TABLE ONLY public.notification
    ADD CONSTRAINT notification_pkey PRIMARY KEY (notification_id);


--
-- TOC entry 4903 (class 2606 OID 41029)
-- Name: passenger passenger_email_key; Type: CONSTRAINT; Schema: public; Owner: postgres
--

ALTER TABLE ONLY public.passenger
    ADD CONSTRAINT passenger_email_key UNIQUE (email);


--
-- TOC entry 4905 (class 2606 OID 41031)
-- Name: passenger passenger_pkey; Type: CONSTRAINT; Schema: public; Owner: postgres
--

ALTER TABLE ONLY public.passenger
    ADD CONSTRAINT passenger_pkey PRIMARY KEY (passenger_id);


--
-- TOC entry 4907 (class 2606 OID 41033)
-- Name: payment payment_pkey; Type: CONSTRAINT; Schema: public; Owner: postgres
--

ALTER TABLE ONLY public.payment
    ADD CONSTRAINT payment_pkey PRIMARY KEY (payment_id);


--
-- TOC entry 4909 (class 2606 OID 41035)
-- Name: payment payment_transaction_id_key; Type: CONSTRAINT; Schema: public; Owner: postgres
--

ALTER TABLE ONLY public.payment
    ADD CONSTRAINT payment_transaction_id_key UNIQUE (transaction_id);


--
-- TOC entry 4911 (class 2606 OID 41037)
-- Name: route route_pkey; Type: CONSTRAINT; Schema: public; Owner: postgres
--

ALTER TABLE ONLY public.route
    ADD CONSTRAINT route_pkey PRIMARY KEY (route_id);


--
-- TOC entry 4914 (class 2606 OID 41039)
-- Name: route_station route_station_pkey; Type: CONSTRAINT; Schema: public; Owner: postgres
--

ALTER TABLE ONLY public.route_station
    ADD CONSTRAINT route_station_pkey PRIMARY KEY (route_station_id);


--
-- TOC entry 4917 (class 2606 OID 41041)
-- Name: schedule schedule_pkey; Type: CONSTRAINT; Schema: public; Owner: postgres
--

ALTER TABLE ONLY public.schedule
    ADD CONSTRAINT schedule_pkey PRIMARY KEY (schedule_id);


--
-- TOC entry 4920 (class 2606 OID 41043)
-- Name: seat_inventory seat_inventory_pkey; Type: CONSTRAINT; Schema: public; Owner: postgres
--

ALTER TABLE ONLY public.seat_inventory
    ADD CONSTRAINT seat_inventory_pkey PRIMARY KEY (inventory_id);


--
-- TOC entry 4923 (class 2606 OID 41045)
-- Name: station station_pkey; Type: CONSTRAINT; Schema: public; Owner: postgres
--

ALTER TABLE ONLY public.station
    ADD CONSTRAINT station_pkey PRIMARY KEY (station_id);


--
-- TOC entry 4925 (class 2606 OID 41047)
-- Name: station station_station_name_key; Type: CONSTRAINT; Schema: public; Owner: postgres
--

ALTER TABLE ONLY public.station
    ADD CONSTRAINT station_station_name_key UNIQUE (station_name);


--
-- TOC entry 4932 (class 2606 OID 41049)
-- Name: ticket_booking ticket_booking_pkey; Type: CONSTRAINT; Schema: public; Owner: postgres
--

ALTER TABLE ONLY public.ticket_booking
    ADD CONSTRAINT ticket_booking_pkey PRIMARY KEY (ticket_id, booking_id);


--
-- TOC entry 4934 (class 2606 OID 41051)
-- Name: ticket_cancellation ticket_cancellation_pkey; Type: CONSTRAINT; Schema: public; Owner: postgres
--

ALTER TABLE ONLY public.ticket_cancellation
    ADD CONSTRAINT ticket_cancellation_pkey PRIMARY KEY (cancellation_id);


--
-- TOC entry 4927 (class 2606 OID 41053)
-- Name: ticket ticket_payment_id_key; Type: CONSTRAINT; Schema: public; Owner: postgres
--

ALTER TABLE ONLY public.ticket
    ADD CONSTRAINT ticket_payment_id_key UNIQUE (payment_id);


--
-- TOC entry 4929 (class 2606 OID 41055)
-- Name: ticket ticket_pkey; Type: CONSTRAINT; Schema: public; Owner: postgres
--

ALTER TABLE ONLY public.ticket
    ADD CONSTRAINT ticket_pkey PRIMARY KEY (ticket_id);


--
-- TOC entry 4936 (class 2606 OID 41057)
-- Name: train train_pkey; Type: CONSTRAINT; Schema: public; Owner: postgres
--

ALTER TABLE ONLY public.train
    ADD CONSTRAINT train_pkey PRIMARY KEY (train_id);


--
-- TOC entry 4912 (class 1259 OID 41058)
-- Name: route_source_station_id_destination_station_id_idx; Type: INDEX; Schema: public; Owner: postgres
--

CREATE UNIQUE INDEX route_source_station_id_destination_station_id_idx ON public.route USING btree (source_station_id, destination_station_id);


--
-- TOC entry 4915 (class 1259 OID 41059)
-- Name: route_station_route_id_station_id_idx; Type: INDEX; Schema: public; Owner: postgres
--

CREATE UNIQUE INDEX route_station_route_id_station_id_idx ON public.route_station USING btree (route_id, station_id);


--
-- TOC entry 4918 (class 1259 OID 41060)
-- Name: schedule_train_id_route_id_departure_date_departure_time_idx; Type: INDEX; Schema: public; Owner: postgres
--

CREATE UNIQUE INDEX schedule_train_id_route_id_departure_date_departure_time_idx ON public.schedule USING btree (train_id, route_id, departure_date, departure_time);


--
-- TOC entry 4921 (class 1259 OID 41061)
-- Name: seat_inventory_schedule_id_seat_number_idx; Type: INDEX; Schema: public; Owner: postgres
--

CREATE UNIQUE INDEX seat_inventory_schedule_id_seat_number_idx ON public.seat_inventory USING btree (schedule_id, seat_number);


--
-- TOC entry 4930 (class 1259 OID 41224)
-- Name: ticket_schedule_id_seat_number_booked_idx; Type: INDEX; Schema: public; Owner: postgres
--

CREATE UNIQUE INDEX ticket_schedule_id_seat_number_booked_idx ON public.ticket USING btree (schedule_id, seat_number) WHERE ((status)::text = 'Booked'::text);


--
-- TOC entry 4968 (class 2620 OID 41223)
-- Name: ticket after_ticket_cancellation; Type: TRIGGER; Schema: public; Owner: postgres
--

CREATE TRIGGER after_ticket_cancellation AFTER UPDATE ON public.ticket FOR EACH ROW EXECUTE FUNCTION public.process_ticket_cancellation();


--
-- TOC entry 4937 (class 2606 OID 41063)
-- Name: booking booking_passenger_id_fkey; Type: FK CONSTRAINT; Schema: public; Owner: postgres
--

ALTER TABLE ONLY public.booking
    ADD CONSTRAINT booking_passenger_id_fkey FOREIGN KEY (passenger_id) REFERENCES public.passenger(passenger_id);


--
-- TOC entry 4938 (class 2606 OID 41068)
-- Name: booking booking_payment_id_fkey; Type: FK CONSTRAINT; Schema: public; Owner: postgres
--

ALTER TABLE ONLY public.booking
    ADD CONSTRAINT booking_payment_id_fkey FOREIGN KEY (payment_id) REFERENCES public.payment(payment_id);


--
-- TOC entry 4939 (class 2606 OID 41073)
-- Name: discount discount_booking_id_fkey; Type: FK CONSTRAINT; Schema: public; Owner: postgres
--

ALTER TABLE ONLY public.discount
    ADD CONSTRAINT discount_booking_id_fkey FOREIGN KEY (booking_id) REFERENCES public.booking(booking_id);


--
-- TOC entry 4941 (class 2606 OID 41078)
-- Name: discount_info discount_info_discount_id_fkey; Type: FK CONSTRAINT; Schema: public; Owner: postgres
--

ALTER TABLE ONLY public.discount_info
    ADD CONSTRAINT discount_info_discount_id_fkey FOREIGN KEY (discount_id) REFERENCES public.discount(discount_id);


--
-- TOC entry 4942 (class 2606 OID 41083)
-- Name: discount_info discount_info_processed_by_fkey; Type: FK CONSTRAINT; Schema: public; Owner: postgres
--

ALTER TABLE ONLY public.discount_info
    ADD CONSTRAINT discount_info_processed_by_fkey FOREIGN KEY (processed_by) REFERENCES public.admin(admin_id);


--
-- TOC entry 4940 (class 2606 OID 41088)
-- Name: discount discount_passenger_id_fkey; Type: FK CONSTRAINT; Schema: public; Owner: postgres
--

ALTER TABLE ONLY public.discount
    ADD CONSTRAINT discount_passenger_id_fkey FOREIGN KEY (passenger_id) REFERENCES public.passenger(passenger_id);


--
-- TOC entry 4943 (class 2606 OID 41093)
-- Name: fare fare_class_type_fkey; Type: FK CONSTRAINT; Schema: public; Owner: postgres
--

ALTER TABLE ONLY public.fare
    ADD CONSTRAINT fare_class_type_fkey FOREIGN KEY (class_type) REFERENCES public.class(class_type);


--
-- TOC entry 4944 (class 2606 OID 41098)
-- Name: fare fare_coach_number_fkey; Type: FK CONSTRAINT; Schema: public; Owner: postgres
--

ALTER TABLE ONLY public.fare
    ADD CONSTRAINT fare_coach_number_fkey FOREIGN KEY (coach_number) REFERENCES public.coach(coach_number);


--
-- TOC entry 4945 (class 2606 OID 41103)
-- Name: feedback feedback_passenger_id_fkey; Type: FK CONSTRAINT; Schema: public; Owner: postgres
--

ALTER TABLE ONLY public.feedback
    ADD CONSTRAINT feedback_passenger_id_fkey FOREIGN KEY (passenger_id) REFERENCES public.passenger(passenger_id);


--
-- TOC entry 4946 (class 2606 OID 41108)
-- Name: feedback feedback_ticket_id_fkey; Type: FK CONSTRAINT; Schema: public; Owner: postgres
--

ALTER TABLE ONLY public.feedback
    ADD CONSTRAINT feedback_ticket_id_fkey FOREIGN KEY (ticket_id) REFERENCES public.ticket(ticket_id);


--
-- TOC entry 4947 (class 2606 OID 41113)
-- Name: login_history login_history_passenger_id_fkey; Type: FK CONSTRAINT; Schema: public; Owner: postgres
--

ALTER TABLE ONLY public.login_history
    ADD CONSTRAINT login_history_passenger_id_fkey FOREIGN KEY (passenger_id) REFERENCES public.passenger(passenger_id);


--
-- TOC entry 4948 (class 2606 OID 41118)
-- Name: notification_info notification_info_notification_id_fkey; Type: FK CONSTRAINT; Schema: public; Owner: postgres
--

ALTER TABLE ONLY public.notification_info
    ADD CONSTRAINT notification_info_notification_id_fkey FOREIGN KEY (notification_id) REFERENCES public.notification(notification_id);


--
-- TOC entry 4949 (class 2606 OID 41123)
-- Name: notification_info notification_info_passenger_id_fkey; Type: FK CONSTRAINT; Schema: public; Owner: postgres
--

ALTER TABLE ONLY public.notification_info
    ADD CONSTRAINT notification_info_passenger_id_fkey FOREIGN KEY (passenger_id) REFERENCES public.passenger(passenger_id);


--
-- TOC entry 4950 (class 2606 OID 41128)
-- Name: route route_destination_station_id_fkey; Type: FK CONSTRAINT; Schema: public; Owner: postgres
--

ALTER TABLE ONLY public.route
    ADD CONSTRAINT route_destination_station_id_fkey FOREIGN KEY (destination_station_id) REFERENCES public.station(station_id);


--
-- TOC entry 4951 (class 2606 OID 41133)
-- Name: route route_source_station_id_fkey; Type: FK CONSTRAINT; Schema: public; Owner: postgres
--

ALTER TABLE ONLY public.route
    ADD CONSTRAINT route_source_station_id_fkey FOREIGN KEY (source_station_id) REFERENCES public.station(station_id);


--
-- TOC entry 4952 (class 2606 OID 41138)
-- Name: route_station route_station_route_id_fkey; Type: FK CONSTRAINT; Schema: public; Owner: postgres
--

ALTER TABLE ONLY public.route_station
    ADD CONSTRAINT route_station_route_id_fkey FOREIGN KEY (route_id) REFERENCES public.route(route_id);


--
-- TOC entry 4953 (class 2606 OID 41143)
-- Name: route_station route_station_station_id_fkey; Type: FK CONSTRAINT; Schema: public; Owner: postgres
--

ALTER TABLE ONLY public.route_station
    ADD CONSTRAINT route_station_station_id_fkey FOREIGN KEY (station_id) REFERENCES public.station(station_id);


--
-- TOC entry 4954 (class 2606 OID 41148)
-- Name: schedule schedule_route_id_fkey; Type: FK CONSTRAINT; Schema: public; Owner: postgres
--

ALTER TABLE ONLY public.schedule
    ADD CONSTRAINT schedule_route_id_fkey FOREIGN KEY (route_id) REFERENCES public.route(route_id);


--
-- TOC entry 4955 (class 2606 OID 41153)
-- Name: schedule schedule_train_id_fkey; Type: FK CONSTRAINT; Schema: public; Owner: postgres
--

ALTER TABLE ONLY public.schedule
    ADD CONSTRAINT schedule_train_id_fkey FOREIGN KEY (train_id) REFERENCES public.train(train_id);


--
-- TOC entry 4956 (class 2606 OID 41158)
-- Name: seat_inventory seat_inventory_class_type_fkey; Type: FK CONSTRAINT; Schema: public; Owner: postgres
--

ALTER TABLE ONLY public.seat_inventory
    ADD CONSTRAINT seat_inventory_class_type_fkey FOREIGN KEY (class_type) REFERENCES public.class(class_type);


--
-- TOC entry 4957 (class 2606 OID 41163)
-- Name: seat_inventory seat_inventory_coach_number_fkey; Type: FK CONSTRAINT; Schema: public; Owner: postgres
--

ALTER TABLE ONLY public.seat_inventory
    ADD CONSTRAINT seat_inventory_coach_number_fkey FOREIGN KEY (coach_number) REFERENCES public.coach(coach_number);


--
-- TOC entry 4958 (class 2606 OID 41168)
-- Name: seat_inventory seat_inventory_schedule_id_fkey; Type: FK CONSTRAINT; Schema: public; Owner: postgres
--

ALTER TABLE ONLY public.seat_inventory
    ADD CONSTRAINT seat_inventory_schedule_id_fkey FOREIGN KEY (schedule_id) REFERENCES public.schedule(schedule_id);


--
-- TOC entry 4964 (class 2606 OID 41173)
-- Name: ticket_booking ticket_booking_booking_id_fkey; Type: FK CONSTRAINT; Schema: public; Owner: postgres
--

ALTER TABLE ONLY public.ticket_booking
    ADD CONSTRAINT ticket_booking_booking_id_fkey FOREIGN KEY (booking_id) REFERENCES public.booking(booking_id);


--
-- TOC entry 4965 (class 2606 OID 41178)
-- Name: ticket_booking ticket_booking_ticket_id_fkey; Type: FK CONSTRAINT; Schema: public; Owner: postgres
--

ALTER TABLE ONLY public.ticket_booking
    ADD CONSTRAINT ticket_booking_ticket_id_fkey FOREIGN KEY (ticket_id) REFERENCES public.ticket(ticket_id);


--
-- TOC entry 4966 (class 2606 OID 41183)
-- Name: ticket_cancellation ticket_cancellation_processed_by_fkey; Type: FK CONSTRAINT; Schema: public; Owner: postgres
--

ALTER TABLE ONLY public.ticket_cancellation
    ADD CONSTRAINT ticket_cancellation_processed_by_fkey FOREIGN KEY (processed_by) REFERENCES public.admin(admin_id);


--
-- TOC entry 4967 (class 2606 OID 41188)
-- Name: ticket_cancellation ticket_cancellation_ticket_id_fkey; Type: FK CONSTRAINT; Schema: public; Owner: postgres
--

ALTER TABLE ONLY public.ticket_cancellation
    ADD CONSTRAINT ticket_cancellation_ticket_id_fkey FOREIGN KEY (ticket_id) REFERENCES public.ticket(ticket_id);


--
-- TOC entry 4959 (class 2606 OID 41193)
-- Name: ticket ticket_fare_id_fkey; Type: FK CONSTRAINT; Schema: public; Owner: postgres
--

ALTER TABLE ONLY public.ticket
    ADD CONSTRAINT ticket_fare_id_fkey FOREIGN KEY (fare_id) REFERENCES public.fare(fare_id);


--
-- TOC entry 4960 (class 2606 OID 41198)
-- Name: ticket ticket_passenger_id_fkey; Type: FK CONSTRAINT; Schema: public; Owner: postgres
--

ALTER TABLE ONLY public.ticket
    ADD CONSTRAINT ticket_passenger_id_fkey FOREIGN KEY (passenger_id) REFERENCES public.passenger(passenger_id);


--
-- TOC entry 4961 (class 2606 OID 41203)
-- Name: ticket ticket_payment_id_fkey; Type: FK CONSTRAINT; Schema: public; Owner: postgres
--

ALTER TABLE ONLY public.ticket
    ADD CONSTRAINT ticket_payment_id_fkey FOREIGN KEY (payment_id) REFERENCES public.payment(payment_id);


--
-- TOC entry 4962 (class 2606 OID 41208)
-- Name: ticket ticket_schedule_id_fkey; Type: FK CONSTRAINT; Schema: public; Owner: postgres
--

ALTER TABLE ONLY public.ticket
    ADD CONSTRAINT ticket_schedule_id_fkey FOREIGN KEY (schedule_id) REFERENCES public.schedule(schedule_id);


--
-- TOC entry 4963 (class 2606 OID 41213)
-- Name: ticket ticket_schedule_id_seat_number_fkey; Type: FK CONSTRAINT; Schema: public; Owner: postgres
--

ALTER TABLE ONLY public.ticket
    ADD CONSTRAINT ticket_schedule_id_seat_number_fkey FOREIGN KEY (schedule_id, seat_number) REFERENCES public.seat_inventory(schedule_id, seat_number);


-- Completed on 2025-07-16 01:31:49

--
-- PostgreSQL database dump complete
--

